Product.Name,Concentration,Plate.ID,Well.ID,Num.Objects,Percent.Dead,Percent.Live,Mean.Certainty.Live,Mean.Certainty.Dead
Taselisib,1.0,D054T01P004L08,A01,49,0.40816326530612246,0.5918367346938775,0.7517241379310345,0.7550000000000001
Defactinib,0.0016,D054T01P004L08,A02,128,0.171875,0.828125,0.8018867924528297,0.7545454545454546
YM155,0.04,D054T01P004L08,A03,56,0.625,0.375,0.7095238095238096,0.7971428571428573
Irinotecan mit 5-FU + Gefitinib,0.008,D054T01P004L08,A04,142,0.6126760563380281,0.38732394366197187,0.6581818181818185,0.7735632183908051
Volasertib,0.04,D054T01P004L08,A05,61,0.8524590163934426,0.14754098360655743,0.6222222222222222,0.848076923076923
Gemcitabine,0.04,D054T01P004L08,A06,57,0.8421052631578947,0.1578947368421053,0.5555555555555556,0.839583333333333
Bexaroten,0.04,D054T01P004L08,A07,135,0.1111111111111111,0.8888888888888888,0.8433333333333333,0.72
Dasatinib,0.008,D054T01P004L08,A08,171,0.15204678362573099,0.847953216374269,0.768275862068965,0.7384615384615383
Staurosporine_500nM,0.04,D054T01P004L08,A09,68,0.7058823529411765,0.2941176470588235,0.69,0.8333333333333331
Palbociclib,0.0016,D054T01P004L08,A10,132,0.12121212121212122,0.8787878787878788,0.8706896551724139,0.66875
Vinblastin,0.0016,D054T01P004L08,A11,146,0.0821917808219178,0.9178082191780822,0.8291044776119405,0.7083333333333334
Vinblastin,0.2,D054T01P004L08,A12,42,0.8095238095238095,0.19047619047619047,0.5874999999999999,0.8323529411764704
Irinotecan mit 5-FU,0.0016,D054T01P004L08,A13,118,0.3813559322033898,0.6186440677966102,0.7890410958904107,0.7644444444444444
YM155,1.0,D054T01P004L08,A14,14,0.6428571428571429,0.3571428571428571,0.76,0.788888888888889
Irinotecan / SN-38,0.2,D054T01P004L08,A15,25,0.92,0.07999999999999996,0.65,0.9130434782608694
Dabrafenib with Trametinib,0.04,D054T01P004L08,A16,85,0.4,0.6,0.7784313725490196,0.7617647058823529
DMSO,nan,D054T01P004L08,A17,163,0.10429447852760736,0.8957055214723927,0.8452054794520553,0.6941176470588234
AZD 4547,0.2,D054T01P004L08,A18,146,0.10273972602739725,0.8972602739726028,0.8824427480916032,0.6599999999999999
Afatinib,0.008,D054T01P004L08,A19,61,0.7704918032786885,0.2295081967213115,0.6785714285714285,0.7914893617021276
ALISERTIB,0.008,D054T01P004L08,A20,135,0.37037037037037035,0.6296296296296297,0.7352941176470589,0.7560000000000001
lapatinib,0.04,D054T01P004L08,A21,140,0.07142857142857142,0.9285714285714286,0.8561538461538466,0.74
ruxolitinib,0.04,D054T01P004L08,A22,149,0.0738255033557047,0.9261744966442953,0.8623188405797106,0.7181818181818183
Cabozantinib maleate,0.04,D054T01P004L08,A23,143,0.16783216783216784,0.8321678321678322,0.7915966386554623,0.7458333333333332
Panobinostat,0.008,D054T01P004L08,A24,134,0.14925373134328357,0.8507462686567164,0.795614035087719,0.7449999999999999
Idelalisib,0.2,D054T01P004L08,B01,110,0.02727272727272727,0.9727272727272728,0.877570093457944,0.8333333333333334
DMSO,nan,D054T01P004L08,B03,152,0.09210526315789473,0.9078947368421053,0.8898550724637682,0.7071428571428571
sonidegib,0.2,D054T01P004L08,B04,139,0.08633093525179857,0.9136690647482014,0.8559055118110236,0.7083333333333334
Irinotecan / SN-38,0.04,D054T01P004L08,B05,63,0.9047619047619048,0.09523809523809523,0.7166666666666667,0.9035087719298243
Vorinostat,0.0016,D054T01P004L08,B06,169,0.10059171597633136,0.8994082840236687,0.8440789473684217,0.6823529411764705
Trifluoridin/Tipiracil,1.0,D054T01P004L08,B07,179,0.18994413407821228,0.8100558659217877,0.7875862068965518,0.7147058823529412
DMSO,nan,D054T01P004L08,B08,150,0.04666666666666667,0.9533333333333334,0.8888111888111889,0.7285714285714286
sonidegib,0.0016,D054T01P004L08,B09,174,0.10344827586206896,0.896551724137931,0.8012820512820518,0.6833333333333332
AZD 5363,0.008,D054T01P004L08,B10,126,0.023809523809523808,0.9761904761904762,0.9048780487804882,0.7000000000000001
LGK974,0.0016,D054T01P004L08,B11,164,0.042682926829268296,0.9573170731707317,0.9171974522292994,0.6571428571428571
5-FU,0.008,D054T01P004L08,B12,168,0.125,0.875,0.8387755102040814,0.695238095238095
Everolimus,0.2,D054T01P004L08,B13,120,0.125,0.875,0.8676190476190477,0.7333333333333333
AZD 4547,0.0016,D054T01P004L08,B14,163,0.07975460122699386,0.9202453987730062,0.9113333333333334,0.7
Oxaliplatin mit 5-FU + Gefitinib,0.04,D054T01P004L08,B15,156,0.16025641025641027,0.8397435897435898,0.8282442748091603,0.72
Paclitaxel,0.04,D054T01P004L08,B16,115,0.5478260869565217,0.4521739130434783,0.7884615384615382,0.7666666666666667
PHENFORMIN,0.0016,D054T01P004L08,B17,150,0.11333333333333333,0.8866666666666667,0.8300751879699252,0.7294117647058823
pazopanib,0.2,D054T01P004L08,B18,186,0.08602150537634409,0.9139784946236559,0.8964705882352941,0.7187499999999999
Irinotecan mit 5-FU,1.0,D054T01P004L08,B19,63,0.9047619047619048,0.09523809523809523,0.6166666666666667,0.8701754385964913
Trametinib,1.0,D054T01P004L08,B20,97,0.8969072164948454,0.1030927835051546,0.65,0.8528735632183907
Venetoclax,0.008,D054T01P004L08,B21,86,0.29069767441860467,0.7093023255813953,0.7967213114754097,0.7560000000000001
Docetaxel,0.04,D054T01P004L08,B22,157,0.5031847133757962,0.4968152866242038,0.726923076923077,0.7658227848101267
Alpelisib,0.008,D054T01P004L08,B23,151,0.059602649006622516,0.9403973509933775,0.8549295774647887,0.6888888888888888
Trametinib,0.0016,D054T01P004L08,B24,152,0.09868421052631579,0.9013157894736842,0.8547445255474453,0.7266666666666666
Taselisib,0.2,D054T01P004L08,C01,79,0.189873417721519,0.810126582278481,0.815625,0.7533333333333333
Irinotecan mit 5-FU + Gefitinib,0.04,D054T01P004L08,C02,147,0.8027210884353742,0.19727891156462585,0.6482758620689654,0.8220338983050848
Ponatinib,0.008,D054T01P004L08,C03,172,0.03488372093023256,0.9651162790697675,0.923493975903615,0.6333333333333334
Gemcitabine,0.0016,D054T01P004L08,C04,164,0.12195121951219512,0.8780487804878049,0.838888888888889,0.7749999999999999
5-FU,0.2,D054T01P004L08,C05,122,0.38524590163934425,0.6147540983606558,0.7600000000000002,0.7531914893617025
Etoposid,0.0016,D054T01P004L08,C06,162,0.043209876543209874,0.9567901234567902,0.9406451612903228,0.7285714285714285
Vorinostat,0.008,D054T01P004L08,C07,133,0.03759398496240601,0.9624060150375939,0.9078125,0.6799999999999999
Olaparib,0.2,D054T01P004L08,C08,179,0.05027932960893855,0.9497206703910615,0.9117647058823539,0.6888888888888889
Everolimus,0.0016,D054T01P004L08,C09,148,0.07432432432432433,0.9256756756756757,0.8941605839416062,0.7181818181818183
Bexaroten,0.008,D054T01P004L08,C10,152,0.05263157894736842,0.9473684210526316,0.9000000000000004,0.6999999999999998
Venetoclax,0.04,D054T01P004L08,C11,128,0.0234375,0.9765625,0.9368000000000001,0.6999999999999998
Docetaxel,1.0,D054T01P004L08,C12,142,0.2605633802816901,0.7394366197183099,0.7828571428571429,0.7594594594594595
PRI-724,0.0016,D054T01P004L08,C13,121,0.024793388429752067,0.9752066115702479,0.9262711864406782,0.6999999999999998
Erlotinib,0.0016,D054T01P004L08,C14,162,0.012345679012345678,0.9876543209876543,0.9550000000000006,0.7
Bortezomib,0.2,D054T01P004L08,C15,84,0.8571428571428571,0.1428571428571429,0.6333333333333333,0.8555555555555554
DMSO,nan,D054T01P004L08,C16,152,0.05263157894736842,0.9473684210526316,0.9201388888888893,0.6499999999999999
GSK2636771,0.2,D054T01P004L08,C17,145,0.041379310344827586,0.9586206896551724,0.933812949640288,0.6833333333333335
Methotrexate,0.0016,D054T01P004L08,C18,184,0.059782608695652176,0.9402173913043478,0.9017341040462432,0.6909090909090909
PHENFORMIN,0.04,D054T01P004L08,C19,152,0.046052631578947366,0.9539473684210527,0.9193103448275867,0.7
5-FU,0.04,D054T01P004L08,C20,117,0.10256410256410256,0.8974358974358975,0.8238095238095235,0.6916666666666664
Defactinib,1.0,D054T01P004L08,C21,169,0.03550295857988166,0.9644970414201184,0.9000000000000005,0.6833333333333335
Venetoclax,0.0016,D054T01P004L08,C22,136,0.0661764705882353,0.9338235294117647,0.9062992125984255,0.6222222222222222
GSK2636771,0.008,D054T01P004L08,C23,139,0.09352517985611511,0.9064748201438849,0.8785714285714287,0.7153846153846153
DMSO,nan,D054T01P004L08,C24,96,0.11458333333333333,0.8854166666666666,0.8764705882352941,0.7090909090909091
Dasatinib,0.0016,D054T01P004L08,D01,133,0.12781954887218044,0.8721804511278195,0.8784482758620691,0.7470588235294118
Olaparib,0.0016,D054T01P004L08,D02,157,0.006369426751592357,0.9936305732484076,0.9596153846153853,0.8
Dacarbazine,0.04,D054T01P004L08,D03,162,0.04938271604938271,0.9506172839506173,0.9116883116883119,0.6875
Erlotinib,0.008,D054T01P004L08,D04,156,0.03205128205128205,0.967948717948718,0.9192052980132455,0.76
Cabozantinib maleate,0.0016,D054T01P004L08,D05,159,0.0440251572327044,0.9559748427672956,0.9375000000000002,0.7285714285714285
Regorafenib,0.04,D054T01P004L08,D06,148,0.0472972972972973,0.9527027027027027,0.9000000000000007,0.6714285714285715
Idelalisib,0.008,D054T01P004L08,D07,139,0.014388489208633094,0.9856115107913669,0.9270072992700733,0.85
Oxaliplatin mit 5-FU + Gefitinib,0.0016,D054T01P004L08,D08,152,0.02631578947368421,0.9736842105263158,0.88445945945946,0.75
Palbociclib,1.0,D054T01P004L08,D09,176,0.09090909090909091,0.9090909090909091,0.8700000000000003,0.6749999999999998
DMSO,nan,D054T01P004L08,D10,146,0.0410958904109589,0.9589041095890412,0.92,0.7666666666666666
Bleomycin,0.008,D054T01P004L08,D11,157,0.044585987261146494,0.9554140127388535,0.8546666666666668,0.6857142857142857
Dabrafenib,0.2,D054T01P004L08,D12,152,0.046052631578947366,0.9539473684210527,0.9351724137931038,0.6142857142857142
VX-702,0.2,D054T01P004L08,D13,155,0.1032258064516129,0.896774193548387,0.8769784172661871,0.7562499999999998
MK-1775,0.04,D054T01P004L08,D14,158,0.11392405063291139,0.8860759493670887,0.852857142857143,0.6944444444444442
Regorafenib,0.0016,D054T01P004L08,D15,153,0.058823529411764705,0.9411764705882353,0.9277777777777779,0.6999999999999998
Bleomycin,1.0,D054T01P004L08,D16,153,0.5555555555555556,0.4444444444444444,0.6794117647058825,0.7705882352941175
Sorafenib,0.0016,D054T01P004L08,D17,146,0.07534246575342465,0.9246575342465754,0.892592592592593,0.6727272727272727
YM155,0.008,D054T01P004L08,D18,128,0.0859375,0.9140625,0.8948717948717949,0.6363636363636362
Gefitinib,0.0016,D054T01P004L08,D19,148,0.05405405405405406,0.9459459459459459,0.9042857142857145,0.6499999999999999
Sorafenib,0.008,D054T01P004L08,D20,145,0.041379310344827586,0.9586206896551724,0.9050359712230219,0.65
Oxaliplatin mit 5-FU,0.04,D054T01P004L08,D21,143,0.04895104895104895,0.951048951048951,0.8602941176470591,0.6714285714285714
Erlotinib,0.04,D054T01P004L08,D22,144,0.04861111111111111,0.9513888888888888,0.9029197080291971,0.6428571428571429
Afatinib,0.2,D054T01P004L08,D23,115,0.1826086956521739,0.817391304347826,0.8351063829787233,0.7285714285714285
Alpelisib,0.0016,D054T01P004L08,D24,144,0.0625,0.9375,0.9274074074074081,0.7666666666666667
Taselisib,0.008,D054T01P004L08,E01,110,0.23636363636363636,0.7636363636363637,0.7976190476190477,0.7076923076923076
YM155,0.2,D054T01P004L08,E02,22,0.22727272727272727,0.7727272727272727,0.8117647058823529,0.76
Irinotecan mit 5-FU + Gefitinib,0.0016,D054T01P004L08,E03,143,0.04895104895104895,0.951048951048951,0.8860294117647061,0.7142857142857144
Oxaliplatin mit 5-FU + Gefitinib,0.2,D054T01P004L08,E04,181,0.35911602209944754,0.6408839779005524,0.7336206896551725,0.763076923076923
Etoposid,0.04,D054T01P004L08,E05,162,0.24074074074074073,0.7592592592592593,0.7626016260162604,0.7641025641025643
DMSO,nan,D054T01P004L08,E06,124,0.0967741935483871,0.9032258064516129,0.9258928571428575,0.6583333333333332
Oxaliplatin,0.0016,D054T01P004L08,E07,149,0.04697986577181208,0.9530201342281879,0.9535211267605634,0.6571428571428571
Etoposid,1.0,D054T01P004L08,E08,192,0.65625,0.34375,0.6727272727272731,0.7928571428571428
pazopanib,0.04,D054T01P004L08,E09,145,0.06206896551724138,0.9379310344827586,0.8919117647058826,0.788888888888889
Venetoclax,0.2,D054T01P004L08,E10,146,0.0821917808219178,0.9178082191780822,0.8970149253731343,0.7416666666666667
Bexaroten,1.0,D054T01P004L08,E11,145,0.041379310344827586,0.9586206896551724,0.9050359712230218,0.6666666666666666
Afatinib,1.0,D054T01P004L08,E12,154,0.06493506493506493,0.935064935064935,0.907638888888889,0.6399999999999999
DMSO,nan,D054T01P004L08,E13,152,0.03289473684210526,0.9671052631578947,0.9013605442176876,0.6599999999999999
Birinapant,0.2,D054T01P004L08,E14,167,0.10179640718562874,0.8982035928143712,0.8413333333333335,0.7
Afatinib,0.04,D054T01P004L08,E15,154,0.09740259740259741,0.9025974025974026,0.8848920863309353,0.7199999999999999
17AAG,0.0016,D054T01P004L08,E16,141,0.02127659574468085,0.9787234042553191,0.9347826086956522,0.7333333333333334
DMSO,nan,D054T01P004L08,E17,135,0.022222222222222223,0.9777777777777777,0.9333333333333335,0.6333333333333333
MK-1775,0.0016,D054T01P004L08,E18,119,0.08403361344537816,0.9159663865546218,0.9036697247706429,0.6699999999999999
Trametinib,0.008,D054T01P004L08,E19,131,0.26717557251908397,0.732824427480916,0.7843750000000002,0.7371428571428573
Irinotecan / SN-38,1.0,D054T01P004L08,E20,79,0.9746835443037974,0.025316455696202556,0.75,0.8883116883116882
Idelalisib,1.0,D054T01P004L08,E21,130,0.18461538461538463,0.8153846153846154,0.838679245283019,0.7166666666666667
Bleomycin,0.2,D054T01P004L08,E22,170,0.28823529411764703,0.711764705882353,0.7173553719008261,0.7408163265306125
Palbociclib,0.008,D054T01P004L08,E23,134,0.08955223880597014,0.9104477611940298,0.8795081967213114,0.7416666666666666
VX-702,1.0,D054T01P004L08,E24,166,0.23493975903614459,0.7650602409638554,0.7905511811023626,0.7256410256410257
Etoposid,0.008,D054T01P004L08,F01,132,0.18181818181818182,0.8181818181818181,0.8129629629629629,0.6999999999999998
Dasatinib,1.0,D054T01P004L08,F02,39,0.6666666666666666,0.33333333333333337,0.6461538461538462,0.8192307692307692
DMSO,nan,D054T01P004L08,F03,164,0.018292682926829267,0.9817073170731707,0.9447204968944103,0.7333333333333334
Cabozantinib maleate,1.0,D054T01P004L08,F04,145,0.1103448275862069,0.8896551724137931,0.8457364341085274,0.7062499999999998
Irinotecan / SN-38,0.008,D054T01P004L08,F05,132,0.9166666666666666,0.08333333333333337,0.6090909090909091,0.8776859504132228
Miglitol,0.008,D054T01P004L08,F06,141,0.0425531914893617,0.9574468085106383,0.9274074074074078,0.65
Paclitaxel,0.0016,D054T01P004L08,F07,138,0.050724637681159424,0.9492753623188406,0.906106870229008,0.7142857142857143
Gefitinib,0.04,D054T01P004L08,F08,167,0.059880239520958084,0.9401197604790419,0.9,0.6699999999999998
Staurosporine_500nM,0.0016,D054T01P004L08,F09,107,0.6915887850467289,0.30841121495327106,0.7030303030303028,0.7824324324324325
Gefitinib,1.0,D054T01P004L08,F10,139,0.03597122302158273,0.9640287769784173,0.9425373134328359,0.62
Doxorubicin,0.008,D054T01P004L08,F11,109,0.12844036697247707,0.8715596330275229,0.8400000000000001,0.7000000000000001
Axitinib,0.008,D054T01P004L08,F12,160,0.0125,0.9875,0.9379746835443045,0.6
ALISERTIB,0.04,D054T01P004L08,F13,159,0.20754716981132076,0.7924528301886793,0.7801587301587304,0.7484848484848486
Gefitinib,0.008,D054T01P004L08,F14,142,0.04225352112676056,0.9577464788732395,0.9205882352941178,0.6833333333333335
Oxaliplatin,1.0,D054T01P004L08,F15,101,0.31683168316831684,0.6831683168316831,0.7999999999999998,0.7656250000000001
DMSO,nan,D054T01P004L08,F16,152,0.03289473684210526,0.9671052631578947,0.9190476190476194,0.68
AZD 5363,0.04,D054T01P004L08,F17,119,0.01680672268907563,0.9831932773109243,0.937606837606838,0.75
Dacarbazine,0.2,D054T01P004L08,F18,143,0.08391608391608392,0.916083916083916,0.8969465648854966,0.6999999999999998
AZD 5363,0.0016,D054T01P004L08,F19,150,0.04,0.96,0.8826388888888894,0.75
Napabucasin,0.2,D054T01P004L08,F20,161,0.08074534161490683,0.9192546583850931,0.866891891891892,0.6538461538461537
Nutlin3a,1.0,D054T01P004L08,F21,51,0.6470588235294118,0.3529411764705882,0.6444444444444444,0.9181818181818182
Panobinostat,0.04,D054T01P004L08,F22,120,0.041666666666666664,0.9583333333333334,0.8947826086956518,0.7
Dabrafenib,0.04,D054T01P004L08,F23,106,0.08490566037735849,0.9150943396226415,0.8144329896907212,0.7111111111111111
Palbociclib,0.2,D054T01P004L08,F24,151,0.059602649006622516,0.9403973509933775,0.8950704225352114,0.7222222222222221
Idelalisib,0.0016,D054T01P004L08,G01,130,0.1,0.9,0.8179487179487185,0.7153846153846154
Bortezomib,1.0,D054T01P004L08,G02,69,0.9420289855072463,0.05797101449275366,0.675,0.9184615384615383
Napabucasin,1.0,D054T01P004L08,G03,76,0.7763157894736842,0.22368421052631582,0.7352941176470589,0.813559322033898
Binimetinib,0.04,D054T01P004L08,G04,124,0.25,0.75,0.7537634408602153,0.7354838709677416
DMSO,nan,D054T01P004L08,G05,144,0.05555555555555555,0.9444444444444444,0.9352941176470588,0.6749999999999999
Afatinib,0.0016,D054T01P004L08,G06,150,0.03333333333333333,0.9666666666666667,0.9289655172413794,0.74
Bortezomib,0.008,D054T01P004L08,G07,114,0.9298245614035088,0.07017543859649122,0.6375000000000001,0.8622641509433966
DMSO,nan,D054T01P004L08,G08,146,0.0273972602739726,0.9726027397260274,0.9345070422535217,0.6499999999999999
Staurosporine_500nM,1.0,D054T01P004L08,G09,72,0.6944444444444444,0.3055555555555556,0.7272727272727272,0.8219999999999998
Dacarbazine,1.0,D054T01P004L08,G10,144,0.0763888888888889,0.9236111111111112,0.9015037593984969,0.6727272727272727
Birinapant,0.008,D054T01P004L08,G11,139,0.07194244604316546,0.9280575539568345,0.856589147286822,0.6299999999999999
DMSO,nan,D054T01P004L08,G12,152,0.05263157894736842,0.9473684210526316,0.9118055555555559,0.65
MK-1775,0.008,D054T01P004L08,G13,134,0.06716417910447761,0.9328358208955224,0.9264000000000002,0.7333333333333333
DMSO,nan,D054T01P004L08,G14,146,0.02054794520547945,0.9794520547945206,0.9258741258741261,0.6666666666666666
lapatinib,1.0,D054T01P004L08,G15,145,0.027586206896551724,0.9724137931034482,0.9432624113475178,0.7000000000000001
DMSO,nan,D054T01P004L08,G16,145,0.04827586206896552,0.9517241379310345,0.9239130434782609,0.6428571428571429
Sorafenib,0.04,D054T01P004L08,G17,152,0.05921052631578947,0.9407894736842105,0.9146853146853148,0.6666666666666666
Regorafenib,0.008,D054T01P004L08,G18,144,0.041666666666666664,0.9583333333333334,0.9260869565217392,0.6666666666666666
Dasatinib,0.04,D054T01P004L08,G19,145,0.06896551724137931,0.9310344827586207,0.9281481481481486,0.7300000000000001
lapatinib,0.2,D054T01P004L08,G20,152,0.07894736842105263,0.9210526315789473,0.8835714285714287,0.7583333333333333
Olaparib,1.0,D054T01P004L08,G21,184,0.2717391304347826,0.7282608695652174,0.7313432835820891,0.7180000000000003
Vismodegib,0.04,D054T01P004L08,G22,153,0.0718954248366013,0.9281045751633987,0.9211267605633806,0.6909090909090909
Doxorubicin,0.04,D054T01P004L08,G23,47,0.5319148936170213,0.46808510638297873,0.6818181818181819,0.7719999999999999
Dabrafenib,1.0,D054T01P004L08,G24,114,0.06140350877192982,0.9385964912280702,0.8682242990654208,0.6571428571428571
Crizotinib,0.2,D054T01P004L08,H01,141,0.14893617021276595,0.851063829787234,0.8616666666666669,0.6999999999999998
Venetoclax,1.0,D054T01P004L08,H02,176,0.09090909090909091,0.9090909090909091,0.8418750000000002,0.71875
pazopanib,0.0016,D054T01P004L08,H03,146,0.0547945205479452,0.9452054794520548,0.9217391304347832,0.725
Nutlin3a,0.04,D054T01P004L08,H04,115,0.20869565217391303,0.7913043478260869,0.7978021978021977,0.7208333333333332
Staurosporine_500nM,0.0016,D054T01P004L08,H05,123,0.5691056910569106,0.43089430894308944,0.7132075471698114,0.7685714285714286
Docetaxel,0.2,D054T01P004L08,H06,167,0.49700598802395207,0.5029940119760479,0.7071428571428572,0.7710843373493976
MK-8776/ SCH900776,0.008,D054T01P004L08,H07,128,0.0703125,0.9296875,0.8915966386554621,0.7222222222222221
PHENFORMIN,0.008,D054T01P004L08,H08,138,0.050724637681159424,0.9492753623188406,0.9351145038167937,0.6
Sunitinib,0.0016,D054T01P004L08,H09,114,0.05263157894736842,0.9473684210526316,0.9148148148148146,0.6666666666666666
PRI-724,1.0,D054T01P004L08,H10,154,0.06493506493506493,0.935064935064935,0.8708333333333336,0.7
LGK974,1.0,D054T01P004L08,H11,197,0.09137055837563451,0.9086294416243654,0.8351955307262569,0.7
Sunitinib,0.04,D054T01P004L08,H12,138,0.06521739130434782,0.9347826086956522,0.9000000000000002,0.6999999999999998
Doxorubicin,0.0016,D054T01P004L08,H13,150,0.06666666666666667,0.9333333333333333,0.873571428571429,0.6799999999999999
Staurosporine_500nM,1.0,D054T01P004L08,H14,118,0.5932203389830508,0.4067796610169492,0.6916666666666669,0.8042857142857143
Methotrexate,0.008,D054T01P004L08,H15,107,0.09345794392523364,0.9065420560747663,0.8237113402061853,0.67
Cabozantinib maleate,0.2,D054T01P004L08,H16,168,0.11904761904761904,0.8809523809523809,0.8425675675675681,0.745
Docetaxel,0.0016,D054T01P004L08,H17,129,0.05426356589147287,0.9457364341085271,0.8901639344262294,0.7142857142857143
Birinapant,0.04,D054T01P004L08,H18,172,0.10465116279069768,0.8953488372093024,0.8025974025974032,0.7222222222222221
Paclitaxel,0.2,D054T01P004L08,H19,186,0.3602150537634409,0.6397849462365591,0.7159663865546219,0.7447761194029848
pazopanib,0.008,D054T01P004L08,H20,130,0.07692307692307693,0.9230769230769231,0.9225000000000004,0.78
Dabrafenib,0.008,D054T01P004L08,H21,125,0.008,0.992,0.946774193548387,0.7
Mitomycin C,0.008,D054T01P004L08,H22,143,0.11188811188811189,0.8881118881118881,0.8031496062992124,0.7375
Mitomycin C,0.0016,D054T01P004L08,H23,128,0.0234375,0.9765625,0.9064000000000004,0.6666666666666666
Paclitaxel,0.008,D054T01P004L08,I01,136,0.25735294117647056,0.7426470588235294,0.7356435643564356,0.7571428571428572
GSK2636771,0.0016,D054T01P004L08,I02,143,0.02097902097902098,0.9790209790209791,0.9185714285714287,0.6666666666666666
ruxolitinib,0.0016,D054T01P004L08,I03,134,0.11194029850746269,0.8880597014925373,0.9327731092436976,0.7400000000000001
Olaparib,0.008,D054T01P004L08,I04,135,0.037037037037037035,0.962962962962963,0.9523076923076929,0.64
MK-8776/ SCH900776,0.04,D054T01P004L08,I05,131,0.030534351145038167,0.9694656488549618,0.951181102362205,0.625
Fludarabine,1.0,D054T01P004L08,I06,133,0.045112781954887216,0.9548872180451128,0.8913385826771658,0.6833333333333335
VX-702,0.04,D054T01P004L08,I07,141,0.028368794326241134,0.9716312056737588,0.8686131386861317,0.725
DMSO,nan,D054T01P004L08,I08,137,0.051094890510948905,0.948905109489051,0.93,0.6714285714285714
Miglitol,0.04,D054T01P004L08,I09,120,0.06666666666666667,0.9333333333333333,0.9464285714285715,0.725
Mitomycin C,0.04,D054T01P004L08,I10,128,0.5078125,0.4921875,0.7142857142857144,0.7507692307692306
Dabrafenib with Trametinib,0.2,D054T01P004L08,I11,91,0.45054945054945056,0.5494505494505495,0.694,0.7585365853658537
Birinapant,1.0,D054T01P004L08,I12,137,0.19708029197080293,0.8029197080291971,0.7781818181818181,0.7222222222222222
Dabrafenib with Trametinib,1.0,D054T01P004L08,I13,82,0.4024390243902439,0.5975609756097561,0.7755102040816325,0.7818181818181821
DMSO,nan,D054T01P004L08,I14,135,0.0,1.0,0.9162962962962965,
Regorafenib,1.0,D054T01P004L08,I15,161,0.012422360248447204,0.9875776397515528,0.9100628930817615,0.6
Trifluoridin/Tipiracil,0.04,D054T01P004L08,I16,140,0.07857142857142857,0.9214285714285715,0.916279069767442,0.6727272727272727
Napabucasin,0.0016,D054T01P004L08,I17,133,0.022556390977443608,0.9774436090225564,0.9184615384615387,0.7333333333333334
Oxaliplatin mit 5-FU + Gefitinib,1.0,D054T01P004L08,I18,114,0.38596491228070173,0.6140350877192983,0.7228571428571428,0.775
Irinotecan mit 5-FU + Gefitinib,0.2,D054T01P004L08,I19,120,0.9166666666666666,0.08333333333333337,0.61,0.8872727272727274
Volasertib,0.0016,D054T01P004L08,I20,153,0.1111111111111111,0.8888888888888888,0.8522058823529415,0.7176470588235295
17AAG,1.0,D054T01P004L08,I21,64,0.890625,0.109375,0.5571428571428572,0.8403508771929822
Axitinib,1.0,D054T01P004L08,I22,128,0.0390625,0.9609375,0.8910569105691061,0.76
Miglitol,0.0016,D054T01P004L08,I23,103,0.10679611650485436,0.8932038834951457,0.8782608695652175,0.7454545454545454
Crizotinib,0.0016,D054T01P004L08,I24,139,0.08633093525179857,0.9136690647482014,0.8897637795275596,0.7333333333333333
Cabozantinib maleate,0.008,D054T01P004L08,J01,147,0.17006802721088435,0.8299319727891157,0.8327868852459019,0.716
DMSO,nan,D054T01P004L08,J02,139,0.08633093525179857,0.9136690647482014,0.9385826771653544,0.7083333333333334
Ponatinib,0.0016,D054T01P004L08,J03,140,0.07142857142857142,0.9285714285714286,0.8338461538461543,0.6699999999999999
AZD 4547,1.0,D054T01P004L08,J04,126,0.015873015873015872,0.9841269841269842,0.9112903225806455,0.6
DMSO,nan,D054T01P004L08,J05,140,0.05714285714285714,0.9428571428571428,0.9272727272727276,0.7500000000000001
Sorafenib,0.2,D054T01P004L08,J06,162,0.06790123456790123,0.9320987654320988,0.856291390728477,0.6909090909090909
Sorafenib,1.0,D054T01P004L08,J07,164,0.6036585365853658,0.39634146341463417,0.6138461538461539,0.7525252525252523
Fludarabine,0.2,D054T01P004L08,J08,132,0.05303030303030303,0.946969696969697,0.9448,0.6285714285714287
ruxolitinib,0.008,D054T01P004L08,J09,130,0.08461538461538462,0.9153846153846154,0.8789915966386554,0.7090909090909091
Mitomycin C,1.0,D054T01P004L08,J10,83,0.9397590361445783,0.06024096385542166,0.64,0.8923076923076922
Fludarabine,0.0016,D054T01P004L08,J11,145,0.041379310344827586,0.9586206896551724,0.9417266187050364,0.6666666666666666
Sunitinib,0.2,D054T01P004L08,J12,152,0.046052631578947366,0.9539473684210527,0.9462068965517249,0.7
ALISERTIB,0.2,D054T01P004L08,J13,139,0.31654676258992803,0.6834532374100719,0.7505263157894738,0.7159090909090908
Oxaliplatin mit 5-FU,0.0016,D054T01P004L08,J14,151,0.039735099337748346,0.9602649006622517,0.9158620689655175,0.7666666666666666
Miglitol,0.2,D054T01P004L08,J15,132,0.03787878787878788,0.9621212121212122,0.9535433070866144,0.6799999999999999
Defactinib,0.2,D054T01P004L08,J16,165,0.06060606060606061,0.9393939393939394,0.9103225806451618,0.6699999999999998
PRI-724,0.2,D054T01P004L08,J17,154,0.09740259740259741,0.9025974025974026,0.8438848920863311,0.7
5-FU,1.0,D054T01P004L08,J18,106,0.46226415094339623,0.5377358490566038,0.7315789473684212,0.7306122448979593
Staurosporine_500nM,0.04,D054T01P004L08,J19,104,0.5192307692307693,0.4807692307692307,0.742,0.824074074074074
ALISERTIB,1.0,D054T01P004L08,J20,152,0.5,0.5,0.705263157894737,0.7381578947368425
Panobinostat,0.2,D054T01P004L08,J21,72,0.5972222222222222,0.4027777777777778,0.713793103448276,0.7465116279069768
Fludarabine,0.008,D054T01P004L08,J22,138,0.043478260869565216,0.9565217391304348,0.9393939393939397,0.7000000000000001
AZD 5363,1.0,D054T01P004L08,J23,56,0.125,0.875,0.8346938775510201,0.7714285714285714
Oxaliplatin,0.008,D054T01P004L08,J24,132,0.05303030303030303,0.946969696969697,0.9064,0.7142857142857143
Erlotinib,0.2,D054T01P004L08,K01,114,0.11403508771929824,0.8859649122807017,0.8405940594059409,0.6769230769230768
Regorafenib,0.2,D054T01P004L08,K02,161,0.13043478260869565,0.8695652173913043,0.8307142857142854,0.7285714285714285
MK-8776/ SCH900776,0.0016,D054T01P004L08,K03,145,0.10344827586206896,0.896551724137931,0.8630769230769231,0.7866666666666666
Trifluoridin/Tipiracil,0.008,D054T01P004L08,K04,150,0.03333333333333333,0.9666666666666667,0.8544827586206906,0.74
17AAG,0.008,D054T01P004L08,K05,141,0.07801418439716312,0.9219858156028369,0.9207692307692311,0.6727272727272727
Gefitinib,0.2,D054T01P004L08,K06,134,0.03731343283582089,0.9626865671641791,0.9093023255813956,0.74
Binimetinib,0.2,D054T01P004L08,K07,105,0.42857142857142855,0.5714285714285714,0.7400000000000001,0.7711111111111109
PRI-724,0.008,D054T01P004L08,K08,135,0.022222222222222223,0.9777777777777777,0.9371212121212124,0.6333333333333333
DMSO,nan,D054T01P004L08,K09,150,0.08666666666666667,0.9133333333333333,0.9416058394160586,0.6692307692307692
sonidegib,0.04,D054T01P004L08,K10,147,0.006802721088435374,0.9931972789115646,0.9260273972602743,0.6
Bleomycin,0.04,D054T01P004L08,K11,156,0.0641025641025641,0.9358974358974359,0.8650684931506852,0.72
5-FU,0.0016,D054T01P004L08,K12,132,0.03787878787878788,0.9621212121212122,0.9307086614173231,0.6
Bortezomib,0.04,D054T01P004L08,K13,86,0.8372093023255814,0.16279069767441856,0.6357142857142858,0.852777777777778
Palbociclib,0.04,D054T01P004L08,K14,117,0.042735042735042736,0.9572649572649573,0.9142857142857145,0.6599999999999999
Nutlin3a,0.2,D054T01P004L08,K15,131,0.7022900763358778,0.2977099236641222,0.6333333333333333,0.7923913043478261
17AAG,0.2,D054T01P004L08,K16,62,0.6612903225806451,0.33870967741935487,0.6523809523809523,0.8121951219512195
MK-8776/ SCH900776,1.0,D054T01P004L08,K17,152,0.03289473684210526,0.9671052631578947,0.9231292517006806,0.6
Bexaroten,0.0016,D054T01P004L08,K18,167,0.04790419161676647,0.9520958083832335,0.8836477987421393,0.7
Vismodegib,0.0016,D054T01P004L08,K19,141,0.11347517730496454,0.8865248226950355,0.9216000000000004,0.7124999999999999
MK-8776/ SCH900776,0.2,D054T01P004L08,K20,149,0.0,1.0,0.9348993288590607,
Nutlin3a,0.0016,D054T01P004L08,K21,122,0.040983606557377046,0.9590163934426229,0.9316239316239316,0.64
Volasertib,0.2,D054T01P004L08,K22,81,0.9012345679012346,0.09876543209876543,0.7125,0.8767123287671228
DMSO,nan,D054T01P004L08,K23,146,0.0684931506849315,0.9315068493150684,0.9169117647058824,0.67
DMSO,nan,D054T01P004L08,K24,138,0.08695652173913043,0.9130434782608696,0.8436507936507941,0.775
Vismodegib,0.008,D054T01P004L08,L01,122,0.1721311475409836,0.8278688524590164,0.8000000000000002,0.6809523809523808
DMSO,nan,D054T01P004L08,L02,152,0.039473684210526314,0.9605263157894737,0.9239726027397265,0.7000000000000001
Vorinostat,1.0,D054T01P004L08,L03,26,0.7692307692307693,0.23076923076923073,0.5833333333333334,0.74
PHENFORMIN,0.2,D054T01P004L08,L04,180,0.05,0.95,0.9005847953216379,0.6888888888888888
Oxaliplatin mit 5-FU,1.0,D054T01P004L08,L05,161,0.37888198757763975,0.6211180124223603,0.7279999999999999,0.7704918032786886
DMSO,nan,D054T01P004L08,L06,145,0.05517241379310345,0.9448275862068966,0.8802919708029207,0.7125
Alpelisib,0.2,D054T01P004L08,L07,150,0.06666666666666667,0.9333333333333333,0.8971428571428574,0.6499999999999999
Vinblastin,1.0,D054T01P004L08,L08,113,0.8849557522123894,0.11504424778761058,0.6076923076923076,0.882
pazopanib,1.0,D054T01P004L08,L09,139,0.05755395683453238,0.9424460431654677,0.8923664122137408,0.6625
Everolimus,1.0,D054T01P004L08,L10,118,0.03389830508474576,0.9661016949152542,0.9219298245614038,0.675
Everolimus,0.008,D054T01P004L08,L11,122,0.040983606557377046,0.9590163934426229,0.9213675213675219,0.6599999999999999
Ponatinib,1.0,D054T01P004L08,L12,160,0.05,0.95,0.8657894736842109,0.6999999999999998
Sunitinib,1.0,D054T01P004L08,L13,50,0.72,0.28,0.7642857142857143,0.8444444444444443
Crizotinib,0.008,D054T01P004L08,L14,150,0.06,0.94,0.9049645390070925,0.6444444444444444
Staurosporine_500nM,1.0,D054T01P004L08,L15,122,0.3770491803278688,0.6229508196721312,0.7223684210526317,0.7282608695652174
Oxaliplatin mit 5-FU,0.2,D054T01P004L08,L16,148,0.3310810810810811,0.6689189189189189,0.7444444444444444,0.7346938775510207
MK-1775,0.2,D054T01P004L08,L17,118,0.711864406779661,0.288135593220339,0.6264705882352941,0.8011904761904761
DMSO,nan,D054T01P004L08,L18,137,0.051094890510948905,0.948905109489051,0.8784615384615388,0.7000000000000001
Axitinib,0.0016,D054T01P004L08,L19,123,0.04878048780487805,0.9512195121951219,0.9196581196581197,0.6833333333333335
YM155,0.0016,D054T01P004L08,L20,150,0.05333333333333334,0.9466666666666667,0.9028169014084511,0.7
Erlotinib,1.0,D054T01P004L08,L21,149,0.040268456375838924,0.9597315436241611,0.9048951048951054,0.7833333333333333
lapatinib,0.0016,D054T01P004L08,L22,139,0.09352517985611511,0.9064748201438849,0.9039682539682545,0.8538461538461539
Mitomycin C,0.2,D054T01P004L08,L23,134,0.8955223880597015,0.10447761194029848,0.6214285714285716,0.8441666666666666
Dabrafenib,0.0016,D054T01P004L08,L24,128,0.0859375,0.9140625,0.8649572649572653,0.6727272727272726
Methotrexate,1.0,D054T01P004L08,M01,118,0.2627118644067797,0.7372881355932204,0.8,0.7387096774193549
Ponatinib,0.2,D054T01P004L08,M02,162,0.08024691358024691,0.9197530864197531,0.8838926174496642,0.6846153846153846
Gemcitabine,1.0,D054T01P004L08,M03,95,0.9157894736842105,0.08421052631578951,0.5875,0.8781609195402299
Docetaxel,0.008,D054T01P004L08,M04,146,0.2054794520547945,0.7945205479452055,0.7534482758620686,0.7200000000000001
Oxaliplatin mit 5-FU + Gefitinib,0.008,D054T01P004L08,M05,131,0.1297709923664122,0.8702290076335878,0.8333333333333339,0.7411764705882353
Taselisib,0.0016,D054T01P004L08,M06,144,0.020833333333333332,0.9791666666666666,0.9354609929078015,0.6999999999999998
LGK974,0.04,D054T01P004L08,M07,153,0.06535947712418301,0.934640522875817,0.8727272727272734,0.73
Vinblastin,0.04,D054T01P004L08,M08,114,0.6403508771929824,0.35964912280701755,0.6658536585365854,0.7767123287671234
Crizotinib,0.04,D054T01P004L08,M09,146,0.10273972602739725,0.8972602739726028,0.8671755725190843,0.74
Vorinostat,0.2,D054T01P004L08,M10,83,0.6024096385542169,0.3975903614457831,0.6757575757575758,0.786
AZD 4547,0.008,D054T01P004L08,M11,147,0.06802721088435375,0.9319727891156463,0.9321167883211682,0.7499999999999999
PRI-724,0.04,D054T01P004L08,M12,165,0.048484848484848485,0.9515151515151515,0.88343949044586,0.7124999999999999
Binimetinib,0.008,D054T01P004L08,M13,132,0.030303030303030304,0.9696969696969697,0.8929687500000002,0.7000000000000001
Irinotecan mit 5-FU,0.04,D054T01P004L08,M14,139,0.8920863309352518,0.1079136690647482,0.56,0.8403225806451613
ruxolitinib,1.0,D054T01P004L08,M15,176,0.05113636363636364,0.9488636363636364,0.9161676646706594,0.6444444444444444
Staurosporine_500nM,0.2,D054T01P004L08,M16,92,0.5108695652173914,0.48913043478260865,0.7022222222222222,0.7744680851063831
Irinotecan mit 5-FU,0.008,D054T01P004L08,M17,137,0.49635036496350365,0.5036496350364963,0.7202898550724637,0.7911764705882354
DMSO,nan,D054T01P004L08,M18,113,0.10619469026548672,0.8938053097345133,0.8990099009900993,0.7083333333333334
DMSO,nan,D054T01P004L08,M19,143,0.03496503496503497,0.965034965034965,0.9181159420289858,0.7
Staurosporine_500nM,0.0016,D054T01P004L08,M20,75,0.7733333333333333,0.22666666666666668,0.6294117647058822,0.7862068965517243
ALISERTIB,0.0016,D054T01P004L08,M21,137,0.0364963503649635,0.9635036496350365,0.9393939393939399,0.6799999999999999
Defactinib,0.008,D054T01P004L08,M22,146,0.0547945205479452,0.9452054794520548,0.942028985507247,0.75
Irinotecan mit 5-FU + Gefitinib,1.0,D054T01P004L08,M23,44,0.8863636363636364,0.11363636363636365,0.6399999999999999,0.9153846153846152
Dasatinib,0.2,D054T01P004L08,M24,101,0.07920792079207921,0.9207920792079208,0.8645161290322579,0.6749999999999999
lapatinib,0.008,D054T01P004L08,N01,61,0.8360655737704918,0.16393442622950816,0.6399999999999999,0.8705882352941172
Everolimus,0.04,D054T01P004L08,N02,73,0.589041095890411,0.410958904109589,0.6966666666666669,0.7488372093023258
AZD 4547,0.04,D054T01P004L08,N03,140,0.07142857142857142,0.9285714285714286,0.9207692307692315,0.71
sonidegib,0.008,D054T01P004L08,N04,142,0.035211267605633804,0.9647887323943662,0.9109489051094897,0.7
Vinblastin,0.008,D054T01P004L08,N05,150,0.12666666666666668,0.8733333333333333,0.7809160305343512,0.7263157894736841
Sunitinib,0.008,D054T01P004L08,N06,136,0.0661764705882353,0.9338235294117647,0.8732283464566931,0.7555555555555554
Irinotecan mit 5-FU,0.2,D054T01P004L08,N07,123,0.959349593495935,0.04065040650406504,0.58,0.859322033898305
Dacarbazine,0.0016,D054T01P004L08,N08,126,0.015873015873015872,0.9841269841269842,0.941935483870968,0.7
Olaparib,0.04,D054T01P004L08,N09,127,0.015748031496062992,0.984251968503937,0.9088000000000002,0.7
DMSO,nan,D054T01P004L08,N10,126,0.07936507936507936,0.9206349206349207,0.9043103448275862,0.7399999999999999
Nutlin3a,0.008,D054T01P004L08,N11,152,0.07894736842105263,0.9210526315789473,0.9078571428571429,0.7416666666666666
VX-702,0.008,D054T01P004L08,N12,131,0.030534351145038167,0.9694656488549618,0.9196850393700795,0.7
Oxaliplatin,0.2,D054T01P004L08,N13,149,0.06711409395973154,0.9328859060402684,0.8884892086330938,0.72
Dabrafenib with Trametinib,0.0016,D054T01P004L08,N14,124,0.056451612903225805,0.9435483870967742,0.9256410256410261,0.7285714285714285
PHENFORMIN,1.0,D054T01P004L08,N15,155,0.17419354838709677,0.8258064516129032,0.7320312500000005,0.7222222222222221
Axitinib,0.04,D054T01P004L08,N16,132,0.09848484848484848,0.9015151515151515,0.8941176470588237,0.7384615384615386
Vismodegib,0.2,D054T01P004L08,N17,142,0.056338028169014086,0.9436619718309859,0.9089552238805972,0.6875
Paclitaxel,1.0,D054T01P004L08,N18,168,0.5416666666666666,0.45833333333333337,0.7337662337662336,0.7604395604395607
Axitinib,0.2,D054T01P004L08,N19,143,0.06993006993006994,0.9300699300699301,0.8939849624060159,0.72
Volasertib,0.008,D054T01P004L08,N20,131,0.732824427480916,0.26717557251908397,0.62,0.8031250000000001
Alpelisib,1.0,D054T01P004L08,N21,133,0.06015037593984962,0.9398496240601504,0.8800000000000006,0.725
Gemcitabine,0.008,D054T01P004L08,N22,148,0.28378378378378377,0.7162162162162162,0.8028301886792453,0.7166666666666668
LGK974,0.2,D054T01P004L08,N23,146,0.03424657534246575,0.9657534246575342,0.8992907801418438,0.74
Vismodegib,1.0,D054T01P004L08,N24,159,0.05660377358490566,0.9433962264150944,0.8806666666666668,0.7555555555555556
AZD 5363,0.2,D054T01P004L08,O01,77,0.16883116883116883,0.8311688311688312,0.8312499999999997,0.7538461538461539
Defactinib,0.04,D054T01P004L08,O02,94,0.8723404255319149,0.12765957446808507,0.6249999999999999,0.846341463414634
Staurosporine_500nM,0.2,D054T01P004L08,O03,88,0.5681818181818182,0.43181818181818177,0.6947368421052632,0.802
Idelalisib,0.04,D054T01P004L08,O04,135,0.06666666666666667,0.9333333333333333,0.8912698412698412,0.7000000000000001
LGK974,0.008,D054T01P004L08,O05,138,0.036231884057971016,0.9637681159420289,0.8909774436090228,0.78
DMSO,nan,D054T01P004L08,O06,146,0.0958904109589041,0.904109589041096,0.9318181818181827,0.6642857142857143
Alpelisib,0.04,D054T01P004L08,O07,149,0.11409395973154363,0.8859060402684564,0.9000000000000004,0.723529411764706
Napabucasin,0.04,D054T01P004L08,O08,131,0.12213740458015267,0.8778625954198473,0.8460869565217389,0.725
ruxolitinib,0.2,D054T01P004L08,O09,155,0.05161290322580645,0.9483870967741935,0.907482993197279,0.6499999999999999
Oxaliplatin mit 5-FU,0.008,D054T01P004L08,O10,150,0.08,0.92,0.8724637681159424,0.7083333333333334
Oxaliplatin,0.04,D054T01P004L08,O11,119,0.07563025210084033,0.9243697478991597,0.8572727272727276,0.6777777777777776
Ponatinib,0.04,D054T01P004L08,O12,150,0.10666666666666667,0.8933333333333333,0.8805970149253733,0.6999999999999998
Fludarabine,0.04,D054T01P004L08,O13,150,0.08666666666666667,0.9133333333333333,0.8693430656934309,0.7076923076923077
Birinapant,0.0016,D054T01P004L08,O14,149,0.10067114093959731,0.8993288590604027,0.8791044776119409,0.7333333333333333
MK-1775,1.0,D054T01P004L08,O15,107,0.8598130841121495,0.14018691588785048,0.6199999999999999,0.8793478260869569
Methotrexate,0.04,D054T01P004L08,O16,117,0.10256410256410256,0.8974358974358975,0.8161904761904762,0.7083333333333334
Staurosporine_500nM,0.04,D054T01P004L08,O17,91,0.7252747252747253,0.27472527472527475,0.6239999999999999,0.8378787878787878
17AAG,0.04,D054T01P004L08,O18,91,0.6813186813186813,0.31868131868131866,0.6379310344827587,0.8112903225806453
Etoposid,0.2,D054T01P004L08,O19,170,0.6176470588235294,0.38235294117647056,0.6461538461538464,0.7685714285714282
GSK2636771,0.04,D054T01P004L08,O20,141,0.07801418439716312,0.9219858156028369,0.8546153846153848,0.6636363636363635
Binimetinib,0.0016,D054T01P004L08,O21,124,0.03225806451612903,0.967741935483871,0.8908333333333336,0.6499999999999999
DMSO,nan,D054T01P004L08,O22,153,0.1111111111111111,0.8888888888888888,0.8500000000000003,0.6941176470588235
Staurosporine_500nM,0.2,D054T01P004L08,O23,54,0.6851851851851852,0.31481481481481477,0.7000000000000001,0.8378378378378379
Binimetinib,1.0,D054T01P004L08,O24,30,0.6666666666666666,0.33333333333333337,0.7,0.845
Dabrafenib with Trametinib,0.008,D054T01P004L08,P01,115,0.13043478260869565,0.8695652173913043,0.8000000000000002,0.7133333333333332
Volasertib,1.0,D054T01P004L08,P02,53,0.8490566037735849,0.15094339622641506,0.675,0.84
sonidegib,1.0,D054T01P004L08,P03,128,0.1171875,0.8828125,0.7982300884955754,0.6999999999999998
Panobinostat,0.0016,D054T01P004L08,P04,148,0.11486486486486487,0.8851351351351351,0.8290076335877864,0.7235294117647058
Dacarbazine,0.008,D054T01P004L08,P05,121,0.09917355371900827,0.9008264462809917,0.8018348623853208,0.7666666666666667
Trifluoridin/Tipiracil,0.0016,D054T01P004L08,P06,125,0.104,0.896,0.8660714285714287,0.7
Bortezomib,0.0016,D054T01P004L08,P07,133,0.3383458646616541,0.6616541353383458,0.7374999999999997,0.6955555555555558
Vorinostat,0.04,D054T01P004L08,P08,148,0.08108108108108109,0.9189189189189189,0.8639705882352943,0.7083333333333334
Trametinib,0.2,D054T01P004L08,P09,75,0.8266666666666667,0.17333333333333334,0.5999999999999999,0.8612903225806451
Bexaroten,0.2,D054T01P004L08,P10,136,0.125,0.875,0.8663865546218487,0.7058823529411765
Taselisib,0.04,D054T01P004L08,P11,107,0.09345794392523364,0.9065420560747663,0.850515463917526,0.7299999999999999
Gemcitabine,0.2,D054T01P004L08,P13,67,0.9104477611940298,0.08955223880597019,0.6666666666666666,0.8590163934426226
Irinotecan / SN-38,0.0016,D054T01P004L08,P14,112,0.8482142857142857,0.1517857142857143,0.6058823529411764,0.8136842105263162
VX-702,0.0016,D054T01P004L08,P15,137,0.06569343065693431,0.9343065693430657,0.8617187500000001,0.711111111111111
Methotrexate,0.2,D054T01P004L08,P16,130,0.24615384615384617,0.7538461538461538,0.7693877551020407,0.7343750000000002
Miglitol,1.0,D054T01P004L08,P17,102,0.29411764705882354,0.7058823529411764,0.7305555555555556,0.7166666666666667
Trifluoridin/Tipiracil,0.2,D054T01P004L08,P18,141,0.18439716312056736,0.8156028368794326,0.7878260869565213,0.6769230769230767
Panobinostat,1.0,D054T01P004L08,P19,36,0.9166666666666666,0.08333333333333337,0.5666666666666667,0.8242424242424242
Bleomycin,0.0016,D054T01P004L08,P20,135,0.08148148148148149,0.9185185185185185,0.7951612903225809,0.6999999999999998
Napabucasin,0.008,D054T01P004L08,P21,131,0.07633587786259542,0.9236641221374046,0.8933884297520664,0.7
GSK2636771,1.0,D054T01P004L08,P22,114,0.20175438596491227,0.7982456140350878,0.8549450549450549,0.7565217391304349
Trametinib,0.04,D054T01P004L08,P23,92,0.45652173913043476,0.5434782608695652,0.77,0.7738095238095238
DMSO,nan,D054T01P004L08,P24,151,0.0728476821192053,0.9271523178807947,0.8257142857142868,0.7545454545454546
Taselisib,1.0,D054T01P006L08,A01,116,0.7241379310344828,0.27586206896551724,0.8062499999999999,0.9000000000000001
Defactinib,0.0016,D054T01P006L08,A02,215,0.15813953488372093,0.8418604651162791,0.881767955801106,0.6970588235294118
YM155,0.04,D054T01P006L08,A03,166,0.7951807228915663,0.20481927710843373,0.7676470588235295,0.8674242424242427
Irinotecan mit 5-FU + Gefitinib,0.008,D054T01P006L08,A04,191,0.49214659685863876,0.5078534031413613,0.7670103092783502,0.7904255319148936
Volasertib,0.04,D054T01P006L08,A05,155,0.8,0.19999999999999996,0.629032258064516,0.8459677419354837
Gemcitabine,0.04,D054T01P006L08,A06,174,0.7758620689655172,0.22413793103448276,0.7,0.8370370370370367
Bexaroten,0.04,D054T01P006L08,A07,194,0.17525773195876287,0.8247422680412371,0.8700000000000001,0.7499999999999999
Dasatinib,0.008,D054T01P006L08,A08,182,0.14835164835164835,0.8516483516483516,0.8761290322580654,0.7444444444444442
Staurosporine_500nM,0.04,D054T01P006L08,A09,134,0.746268656716418,0.25373134328358204,0.6617647058823531,0.8170000000000003
Palbociclib,0.0016,D054T01P006L08,A10,186,0.23655913978494625,0.7634408602150538,0.823239436619719,0.7136363636363637
Vinblastin,0.0016,D054T01P006L08,A11,193,0.13989637305699482,0.8601036269430051,0.8674698795180726,0.7370370370370372
Vinblastin,0.2,D054T01P006L08,A12,170,0.8117647058823529,0.18823529411764706,0.71875,0.846376811594203
Irinotecan mit 5-FU,0.0016,D054T01P006L08,A13,192,0.609375,0.390625,0.78,0.8521367521367526
YM155,1.0,D054T01P006L08,A14,111,0.8738738738738738,0.12612612612612617,0.742857142857143,0.9185567010309281
Irinotecan / SN-38,0.2,D054T01P006L08,A15,138,0.9492753623188406,0.050724637681159424,0.5857142857142856,0.9206106870229013
Dabrafenib with Trametinib,0.04,D054T01P006L08,A16,175,0.7885714285714286,0.2114285714285714,0.727027027027027,0.8876811594202901
DMSO,nan,D054T01P006L08,A17,180,0.13333333333333333,0.8666666666666667,0.8666666666666669,0.7583333333333333
AZD 4547,0.2,D054T01P006L08,A18,196,0.11734693877551021,0.8826530612244898,0.9017341040462432,0.708695652173913
Afatinib,0.008,D054T01P006L08,A19,157,0.7770700636942676,0.22292993630573243,0.6885714285714284,0.8721311475409839
ALISERTIB,0.008,D054T01P006L08,A20,178,0.23595505617977527,0.7640449438202247,0.8544117647058824,0.7571428571428573
lapatinib,0.04,D054T01P006L08,A21,192,0.15104166666666666,0.8489583333333334,0.8865030674846631,0.7689655172413792
ruxolitinib,0.04,D054T01P006L08,A22,184,0.11413043478260869,0.8858695652173914,0.8766871165644178,0.7523809523809524
Cabozantinib maleate,0.04,D054T01P006L08,A23,193,0.18652849740932642,0.8134715025906736,0.8420382165605097,0.7555555555555558
Panobinostat,0.008,D054T01P006L08,A24,189,0.1746031746031746,0.8253968253968254,0.8557692307692307,0.8000000000000003
Idelalisib,0.2,D054T01P006L08,B01,179,0.12849162011173185,0.8715083798882681,0.8801282051282056,0.7478260869565215
Crizotinib,1.0,D054T01P006L08,B02,118,0.9152542372881356,0.0847457627118644,0.6599999999999999,0.8759259259259264
DMSO,nan,D054T01P006L08,B03,185,0.17297297297297298,0.827027027027027,0.8398692810457519,0.728125
sonidegib,0.2,D054T01P006L08,B04,192,0.11458333333333333,0.8854166666666666,0.880000000000001,0.718181818181818
Irinotecan / SN-38,0.04,D054T01P006L08,B05,166,0.8795180722891566,0.12048192771084343,0.6100000000000001,0.8794520547945212
Vorinostat,0.0016,D054T01P006L08,B06,184,0.17391304347826086,0.8260869565217391,0.8638157894736844,0.796875
Trifluoridin/Tipiracil,1.0,D054T01P006L08,B07,226,0.2610619469026549,0.7389380530973451,0.8167664670658683,0.7813559322033897
DMSO,nan,D054T01P006L08,B08,198,0.09595959595959595,0.9040404040404041,0.8837988826815651,0.7578947368421053
sonidegib,0.0016,D054T01P006L08,B09,202,0.3415841584158416,0.6584158415841583,0.8390977443609025,0.8057971014492751
AZD 5363,0.008,D054T01P006L08,B10,187,0.11229946524064172,0.8877005347593583,0.89277108433735,0.7333333333333333
LGK974,0.0016,D054T01P006L08,B11,225,0.14222222222222222,0.8577777777777778,0.8896373056994821,0.7718750000000002
5-FU,0.008,D054T01P006L08,B12,223,0.13452914798206278,0.8654708520179373,0.8844559585492232,0.72
Everolimus,0.2,D054T01P006L08,B13,193,0.21761658031088082,0.7823834196891192,0.8503311258278152,0.7761904761904764
AZD 4547,0.0016,D054T01P006L08,B14,213,0.18309859154929578,0.8169014084507042,0.8367816091954035,0.694871794871795
Oxaliplatin mit 5-FU + Gefitinib,0.04,D054T01P006L08,B15,206,0.2669902912621359,0.7330097087378641,0.8364238410596025,0.7854545454545454
Paclitaxel,0.04,D054T01P006L08,B16,191,0.6073298429319371,0.39267015706806285,0.7386666666666667,0.8189655172413794
PHENFORMIN,0.0016,D054T01P006L08,B17,192,0.16666666666666666,0.8333333333333334,0.8631249999999999,0.7843749999999999
pazopanib,0.2,D054T01P006L08,B18,212,0.27358490566037735,0.7264150943396226,0.7727272727272726,0.7775862068965519
Irinotecan mit 5-FU,1.0,D054T01P006L08,B19,177,0.9717514124293786,0.02824858757062143,0.5599999999999999,0.8848837209302328
Trametinib,1.0,D054T01P006L08,B20,210,0.9333333333333333,0.06666666666666665,0.5999999999999999,0.8739795918367352
Venetoclax,0.008,D054T01P006L08,B21,134,0.6417910447761194,0.35820895522388063,0.7166666666666667,0.8232558139534881
Docetaxel,0.04,D054T01P006L08,B22,199,0.47738693467336685,0.5226130653266332,0.7605769230769232,0.7736842105263161
Alpelisib,0.008,D054T01P006L08,B23,189,0.20105820105820105,0.798941798941799,0.8642384105960269,0.7394736842105263
Trametinib,0.0016,D054T01P006L08,B24,221,0.18552036199095023,0.8144796380090498,0.8783333333333337,0.7780487804878049
Taselisib,0.2,D054T01P006L08,C01,166,0.3674698795180723,0.6325301204819277,0.8219047619047622,0.8081967213114751
Irinotecan mit 5-FU + Gefitinib,0.04,D054T01P006L08,C02,204,0.8921568627450981,0.10784313725490191,0.6590909090909091,0.8807692307692314
Ponatinib,0.008,D054T01P006L08,C03,225,0.1688888888888889,0.8311111111111111,0.9048128342245997,0.7394736842105263
Gemcitabine,0.0016,D054T01P006L08,C04,219,0.1917808219178082,0.8082191780821918,0.866666666666667,0.7285714285714286
5-FU,0.2,D054T01P006L08,C05,264,0.6060606060606061,0.3939393939393939,0.7269230769230768,0.8462500000000006
Etoposid,0.0016,D054T01P006L08,C06,175,0.15428571428571428,0.8457142857142858,0.8608108108108111,0.7222222222222221
Vorinostat,0.008,D054T01P006L08,C07,189,0.1693121693121693,0.8306878306878307,0.8802547770700642,0.725
Olaparib,0.2,D054T01P006L08,C08,215,0.18604651162790697,0.813953488372093,0.8411428571428572,0.7550000000000001
Everolimus,0.0016,D054T01P006L08,C09,168,0.18452380952380953,0.8154761904761905,0.8766423357664237,0.7483870967741937
Bexaroten,0.008,D054T01P006L08,C10,181,0.13259668508287292,0.8674033149171271,0.8936305732484077,0.7458333333333332
Venetoclax,0.04,D054T01P006L08,C11,211,0.10900473933649289,0.8909952606635071,0.8898936170212777,0.7434782608695653
Docetaxel,1.0,D054T01P006L08,C12,196,0.3622448979591837,0.6377551020408163,0.7831999999999996,0.776056338028169
PRI-724,0.0016,D054T01P006L08,C13,185,0.10810810810810811,0.8918918918918919,0.8478787878787879,0.76
Erlotinib,0.0016,D054T01P006L08,C14,180,0.11666666666666667,0.8833333333333333,0.8880503144654095,0.6809523809523809
Bortezomib,0.2,D054T01P006L08,C15,179,0.9720670391061452,0.027932960893854775,0.54,0.9011494252873569
DMSO,nan,D054T01P006L08,C16,213,0.09859154929577464,0.9014084507042254,0.8911458333333341,0.7476190476190476
GSK2636771,0.2,D054T01P006L08,C17,186,0.12903225806451613,0.8709677419354839,0.8938271604938274,0.7291666666666666
Methotrexate,0.0016,D054T01P006L08,C18,202,0.2079207920792079,0.7920792079207921,0.8550000000000006,0.7785714285714285
PHENFORMIN,0.04,D054T01P006L08,C19,219,0.1780821917808219,0.821917808219178,0.8394444444444448,0.7435897435897437
5-FU,0.04,D054T01P006L08,C20,200,0.235,0.765,0.8254901960784318,0.8000000000000002
Defactinib,1.0,D054T01P006L08,C21,185,0.14594594594594595,0.854054054054054,0.893037974683545,0.7370370370370368
Venetoclax,0.0016,D054T01P006L08,C22,197,0.10152284263959391,0.8984771573604061,0.9158192090395485,0.7700000000000001
GSK2636771,0.008,D054T01P006L08,C23,210,0.43333333333333335,0.5666666666666667,0.807563025210084,0.8186813186813182
DMSO,nan,D054T01P006L08,C24,171,0.22807017543859648,0.7719298245614035,0.8265151515151518,0.782051282051282
Dasatinib,0.0016,D054T01P006L08,D01,203,0.2512315270935961,0.7487684729064039,0.8875000000000006,0.7823529411764705
Olaparib,0.0016,D054T01P006L08,D02,213,0.14553990610328638,0.8544600938967136,0.8626373626373629,0.732258064516129
Dacarbazine,0.04,D054T01P006L08,D03,204,0.16666666666666666,0.8333333333333334,0.8947058823529418,0.7558823529411767
Erlotinib,0.008,D054T01P006L08,D04,221,0.14027149321266968,0.8597285067873304,0.895789473684211,0.764516129032258
Cabozantinib maleate,0.0016,D054T01P006L08,D05,225,0.12444444444444444,0.8755555555555555,0.9025380710659904,0.7107142857142857
Regorafenib,0.04,D054T01P006L08,D06,210,0.13333333333333333,0.8666666666666667,0.8824175824175831,0.7964285714285715
Idelalisib,0.008,D054T01P006L08,D07,196,0.19387755102040816,0.8061224489795918,0.8645569620253167,0.710526315789474
Oxaliplatin mit 5-FU + Gefitinib,0.0016,D054T01P006L08,D08,207,0.14009661835748793,0.8599033816425121,0.8842696629213482,0.7448275862068965
Palbociclib,1.0,D054T01P006L08,D09,228,0.20175438596491227,0.7982456140350878,0.8450549450549453,0.739130434782609
DMSO,nan,D054T01P006L08,D10,233,0.16738197424892703,0.8326180257510729,0.8829896907216505,0.7256410256410256
Bleomycin,0.008,D054T01P006L08,D11,193,0.11398963730569948,0.8860103626943006,0.8883040935672522,0.7227272727272726
Dabrafenib,0.2,D054T01P006L08,D12,194,0.13917525773195877,0.8608247422680413,0.907784431137725,0.7296296296296296
VX-702,0.2,D054T01P006L08,D13,165,0.13333333333333333,0.8666666666666667,0.8510489510489512,0.7863636363636364
MK-1775,0.04,D054T01P006L08,D14,183,0.2786885245901639,0.7213114754098361,0.8015151515151513,0.7862745098039216
Regorafenib,0.0016,D054T01P006L08,D15,231,0.18181818181818182,0.8181818181818181,0.8666666666666669,0.7619047619047619
Bleomycin,1.0,D054T01P006L08,D16,199,0.3417085427135678,0.6582914572864322,0.7725190839694656,0.813235294117647
Sorafenib,0.0016,D054T01P006L08,D17,200,0.125,0.875,0.8914285714285715,0.7680000000000001
YM155,0.008,D054T01P006L08,D18,182,0.3791208791208791,0.6208791208791209,0.7929203539823008,0.7710144927536229
Gefitinib,0.0016,D054T01P006L08,D19,187,0.1443850267379679,0.8556149732620321,0.8575000000000002,0.7407407407407407
Sorafenib,0.008,D054T01P006L08,D20,151,0.09271523178807947,0.9072847682119205,0.8817518248175186,0.7642857142857143
Oxaliplatin mit 5-FU,0.04,D054T01P006L08,D21,231,0.23376623376623376,0.7662337662337663,0.8333333333333339,0.798148148148148
Erlotinib,0.04,D054T01P006L08,D22,198,0.15151515151515152,0.8484848484848485,0.8803571428571431,0.8033333333333331
Afatinib,0.2,D054T01P006L08,D23,164,0.7012195121951219,0.2987804878048781,0.7510204081632651,0.8591304347826091
Alpelisib,0.0016,D054T01P006L08,D24,215,0.21395348837209302,0.786046511627907,0.8508875739644978,0.7630434782608695
Taselisib,0.008,D054T01P006L08,E01,177,0.3898305084745763,0.6101694915254237,0.8129629629629631,0.8173913043478263
YM155,0.2,D054T01P006L08,E02,128,0.9140625,0.0859375,0.709090909090909,0.8974358974358976
Irinotecan mit 5-FU + Gefitinib,0.0016,D054T01P006L08,E03,207,0.178743961352657,0.821256038647343,0.8711764705882356,0.7486486486486484
Oxaliplatin mit 5-FU + Gefitinib,0.2,D054T01P006L08,E04,239,0.5564853556485355,0.4435146443514645,0.7981132075471699,0.8255639097744359
Etoposid,0.04,D054T01P006L08,E05,228,0.4342105263157895,0.5657894736842105,0.7829457364341086,0.817171717171717
DMSO,nan,D054T01P006L08,E06,192,0.09375,0.90625,0.8833333333333337,0.8222222222222224
Oxaliplatin,0.0016,D054T01P006L08,E07,170,0.12941176470588237,0.8705882352941177,0.9155405405405409,0.7818181818181817
Etoposid,1.0,D054T01P006L08,E08,205,0.751219512195122,0.24878048780487805,0.6823529411764705,0.8558441558441563
pazopanib,0.04,D054T01P006L08,E09,211,0.15639810426540285,0.8436018957345972,0.9106741573033719,0.790909090909091
Venetoclax,0.2,D054T01P006L08,E10,176,0.16477272727272727,0.8352272727272727,0.8380952380952383,0.7655172413793103
Bexaroten,1.0,D054T01P006L08,E11,160,0.1375,0.8625,0.9028985507246382,0.759090909090909
Afatinib,1.0,D054T01P006L08,E12,199,0.7336683417085427,0.26633165829145733,0.6905660377358492,0.8808219178082195
DMSO,nan,D054T01P006L08,E13,184,0.13043478260869565,0.8695652173913043,0.8743750000000002,0.7583333333333332
Birinapant,0.2,D054T01P006L08,E14,175,0.42857142857142855,0.5714285714285714,0.8469999999999998,0.8119999999999998
Afatinib,0.04,D054T01P006L08,E15,162,0.16049382716049382,0.8395061728395061,0.9051470588235296,0.7615384615384614
17AAG,0.0016,D054T01P006L08,E16,175,0.10285714285714286,0.8971428571428571,0.8942675159235672,0.7722222222222223
DMSO,nan,D054T01P006L08,E17,170,0.15294117647058825,0.8470588235294118,0.9145833333333334,0.7346153846153846
MK-1775,0.0016,D054T01P006L08,E18,184,0.07608695652173914,0.9239130434782609,0.9147058823529417,0.8071428571428572
Trametinib,0.008,D054T01P006L08,E19,159,0.8616352201257862,0.1383647798742138,0.6363636363636362,0.8437956204379569
Irinotecan / SN-38,1.0,D054T01P006L08,E20,188,0.9627659574468085,0.037234042553191515,0.6714285714285715,0.9276243093922664
Idelalisib,1.0,D054T01P006L08,E21,198,0.29797979797979796,0.702020202020202,0.8287769784172665,0.8016949152542373
Bleomycin,0.2,D054T01P006L08,E22,209,0.24401913875598086,0.7559808612440191,0.8879746835443042,0.758823529411765
Palbociclib,0.008,D054T01P006L08,E23,186,0.16129032258064516,0.8387096774193549,0.8705128205128208,0.7766666666666667
VX-702,1.0,D054T01P006L08,E24,229,0.28820960698689957,0.7117903930131004,0.8361963190184052,0.8045454545454546
Etoposid,0.008,D054T01P006L08,F01,211,0.15639810426540285,0.8436018957345972,0.880337078651686,0.7818181818181819
Dasatinib,1.0,D054T01P006L08,F02,214,0.9158878504672897,0.08411214953271029,0.6055555555555556,0.9040816326530617
DMSO,nan,D054T01P006L08,F03,215,0.11162790697674418,0.8883720930232558,0.9214659685863879,0.75
Cabozantinib maleate,1.0,D054T01P006L08,F04,182,0.19230769230769232,0.8076923076923077,0.8693877551020407,0.7428571428571431
Irinotecan / SN-38,0.008,D054T01P006L08,F05,190,0.9157894736842105,0.08421052631578951,0.64375,0.8752873563218396
Miglitol,0.008,D054T01P006L08,F06,226,0.13716814159292035,0.8628318584070797,0.857435897435898,0.7548387096774192
Paclitaxel,0.0016,D054T01P006L08,F07,194,0.12886597938144329,0.8711340206185567,0.8940828402366868,0.7560000000000001
Gefitinib,0.04,D054T01P006L08,F08,200,0.15,0.85,0.8805882352941178,0.74
Staurosporine_500nM,0.0016,D054T01P006L08,F09,208,0.8605769230769231,0.13942307692307687,0.6551724137931034,0.8759776536312861
Gefitinib,1.0,D054T01P006L08,F10,205,0.21951219512195122,0.7804878048780488,0.8737500000000002,0.78
Doxorubicin,0.008,D054T01P006L08,F11,215,0.9116279069767442,0.08837209302325577,0.6526315789473683,0.8045918367346948
Axitinib,0.008,D054T01P006L08,F12,194,0.16494845360824742,0.8350515463917526,0.8425925925925926,0.7125000000000001
ALISERTIB,0.04,D054T01P006L08,F13,173,0.4277456647398844,0.5722543352601156,0.8141414141414143,0.8297297297297295
Gefitinib,0.008,D054T01P006L08,F14,173,0.2832369942196532,0.7167630057803468,0.8653225806451615,0.7795918367346938
Oxaliplatin,1.0,D054T01P006L08,F15,213,0.47417840375586856,0.5258215962441315,0.7696428571428573,0.8158415841584156
DMSO,nan,D054T01P006L08,F16,179,0.15083798882681565,0.8491620111731844,0.9006578947368423,0.7703703703703704
AZD 5363,0.04,D054T01P006L08,F17,179,0.1005586592178771,0.8994413407821229,0.8944099378881993,0.7444444444444445
Dacarbazine,0.2,D054T01P006L08,F18,219,0.1004566210045662,0.8995433789954338,0.891370558375635,0.7227272727272728
AZD 5363,0.0016,D054T01P006L08,F19,168,0.13095238095238096,0.8690476190476191,0.8424657534246578,0.709090909090909
Napabucasin,0.2,D054T01P006L08,F20,157,0.12738853503184713,0.8726114649681529,0.8934306569343069,0.72
Nutlin3a,1.0,D054T01P006L08,F21,202,0.7821782178217822,0.2178217821782178,0.7090909090909089,0.8715189873417726
Panobinostat,0.04,D054T01P006L08,F22,197,0.2436548223350254,0.7563451776649746,0.8348993288590605,0.7937499999999998
Dabrafenib,0.04,D054T01P006L08,F23,200,0.265,0.735,0.8551020408163267,0.7622641509433963
Palbociclib,0.2,D054T01P006L08,F24,174,0.3218390804597701,0.6781609195402298,0.773728813559322,0.7482142857142859
Idelalisib,0.0016,D054T01P006L08,G01,186,0.15053763440860216,0.8494623655913979,0.868987341772152,0.75
Bortezomib,1.0,D054T01P006L08,G02,192,0.96875,0.03125,0.5833333333333334,0.9473118279569898
Napabucasin,1.0,D054T01P006L08,G03,194,0.10824742268041238,0.8917525773195876,0.90578034682081,0.7619047619047619
Binimetinib,0.04,D054T01P006L08,G04,173,0.44508670520231214,0.5549132947976878,0.8124999999999997,0.794805194805195
DMSO,nan,D054T01P006L08,G05,204,0.10294117647058823,0.8970588235294118,0.8989071038251373,0.7666666666666667
Afatinib,0.0016,D054T01P006L08,G06,173,0.11560693641618497,0.8843930635838151,0.9019607843137261,0.7850000000000001
Bortezomib,0.008,D054T01P006L08,G07,163,0.8466257668711656,0.15337423312883436,0.716,0.8739130434782613
DMSO,nan,D054T01P006L08,G08,173,0.057803468208092484,0.9421965317919075,0.880981595092025,0.71
Staurosporine_500nM,1.0,D054T01P006L08,G09,192,0.7916666666666666,0.20833333333333337,0.7,0.8552631578947374
Dacarbazine,1.0,D054T01P006L08,G10,186,0.07526881720430108,0.9247311827956989,0.9226744186046517,0.6785714285714285
Birinapant,0.008,D054T01P006L08,G11,177,0.23728813559322035,0.7627118644067796,0.8637037037037042,0.819047619047619
DMSO,nan,D054T01P006L08,G12,191,0.14136125654450263,0.8586387434554974,0.8591463414634152,0.714814814814815
MK-1775,0.008,D054T01P006L08,G13,208,0.13942307692307693,0.8605769230769231,0.9044692737430172,0.7827586206896552
DMSO,nan,D054T01P006L08,G14,173,0.10982658959537572,0.8901734104046243,0.9019480519480525,0.7894736842105262
lapatinib,1.0,D054T01P006L08,G15,186,0.12903225806451613,0.8709677419354839,0.8858024691358029,0.7583333333333334
DMSO,nan,D054T01P006L08,G16,181,0.13259668508287292,0.8674033149171271,0.8878980891719753,0.7416666666666666
Sorafenib,0.04,D054T01P006L08,G17,198,0.16161616161616163,0.8383838383838383,0.8897590361445784,0.7249999999999999
Regorafenib,0.008,D054T01P006L08,G18,164,0.09146341463414634,0.9085365853658537,0.8979865771812079,0.8
Dasatinib,0.04,D054T01P006L08,G19,197,0.12690355329949238,0.8730964467005076,0.8860465116279075,0.752
lapatinib,0.2,D054T01P006L08,G20,177,0.15254237288135594,0.847457627118644,0.8980000000000005,0.7740740740740738
Olaparib,1.0,D054T01P006L08,G21,153,0.43790849673202614,0.5620915032679739,0.7686046511627908,0.8358208955223879
Vismodegib,0.04,D054T01P006L08,G22,170,0.08235294117647059,0.9176470588235294,0.8858974358974362,0.707142857142857
Doxorubicin,0.04,D054T01P006L08,G23,175,0.9428571428571428,0.05714285714285716,0.6399999999999999,0.8260606060606063
Dabrafenib,1.0,D054T01P006L08,G24,221,0.23076923076923078,0.7692307692307692,0.8547058823529419,0.7843137254901964
Crizotinib,0.2,D054T01P006L08,H01,212,0.14622641509433962,0.8537735849056604,0.8850828729281769,0.7612903225806452
Venetoclax,1.0,D054T01P006L08,H02,159,0.6352201257861635,0.3647798742138365,0.746551724137931,0.8415841584158411
pazopanib,0.0016,D054T01P006L08,H03,159,0.13836477987421383,0.8616352201257862,0.8839416058394163,0.7363636363636363
Nutlin3a,0.04,D054T01P006L08,H04,209,0.631578947368421,0.368421052631579,0.7519480519480519,0.7939393939393942
Staurosporine_500nM,0.0016,D054T01P006L08,H05,182,0.8021978021978022,0.19780219780219777,0.6694444444444443,0.8623287671232878
Docetaxel,0.2,D054T01P006L08,H06,152,0.3092105263157895,0.6907894736842105,0.8200000000000001,0.7829787234042555
MK-8776/ SCH900776,0.008,D054T01P006L08,H07,200,0.1,0.9,0.9027777777777782,0.765
PHENFORMIN,0.008,D054T01P006L08,H08,166,0.13855421686746988,0.8614457831325302,0.8874125874125877,0.7695652173913043
Sunitinib,0.0016,D054T01P006L08,H09,181,0.15469613259668508,0.8453038674033149,0.8830065359477126,0.7607142857142858
PRI-724,1.0,D054T01P006L08,H10,182,0.43956043956043955,0.5604395604395604,0.7990196078431373,0.7912500000000001
LGK974,1.0,D054T01P006L08,H11,231,0.27705627705627706,0.722943722943723,0.8149700598802398,0.7937500000000001
Sunitinib,0.04,D054T01P006L08,H12,184,0.10326086956521739,0.8967391304347826,0.8860606060606063,0.7210526315789473
Doxorubicin,0.0016,D054T01P006L08,H13,158,0.18354430379746836,0.8164556962025317,0.874418604651163,0.7758620689655172
Staurosporine_500nM,1.0,D054T01P006L08,H14,164,0.7865853658536586,0.21341463414634143,0.6857142857142857,0.8883720930232563
Methotrexate,0.008,D054T01P006L08,H15,200,0.225,0.775,0.8445161290322585,0.7844444444444445
Cabozantinib maleate,0.2,D054T01P006L08,H16,205,0.45365853658536587,0.5463414634146342,0.757142857142857,0.8462365591397852
Docetaxel,0.0016,D054T01P006L08,H17,179,0.26256983240223464,0.7374301675977654,0.8303030303030304,0.770212765957447
Birinapant,0.04,D054T01P006L08,H18,201,0.3781094527363184,0.6218905472636815,0.8440000000000003,0.8315789473684209
Paclitaxel,0.2,D054T01P006L08,H19,170,0.5,0.5,0.7729411764705881,0.8058823529411763
pazopanib,0.008,D054T01P006L08,H20,172,0.11627906976744186,0.8837209302325582,0.9105263157894743,0.72
Dabrafenib,0.008,D054T01P006L08,H21,164,0.08536585365853659,0.9146341463414634,0.9240000000000005,0.7857142857142857
Mitomycin C,0.008,D054T01P006L08,H22,185,0.17297297297297298,0.827027027027027,0.8411764705882354,0.7468750000000001
Mitomycin C,0.0016,D054T01P006L08,H23,165,0.1393939393939394,0.8606060606060606,0.896478873239437,0.7565217391304347
Paclitaxel,0.008,D054T01P006L08,I01,190,0.5263157894736842,0.4736842105263158,0.7899999999999996,0.8329999999999999
GSK2636771,0.0016,D054T01P006L08,I02,218,0.17889908256880735,0.8211009174311926,0.878212290502794,0.8076923076923077
ruxolitinib,0.0016,D054T01P006L08,I03,188,0.09574468085106383,0.9042553191489362,0.9100000000000006,0.7499999999999999
Olaparib,0.008,D054T01P006L08,I04,195,0.1641025641025641,0.8358974358974359,0.9085889570552153,0.7375000000000002
MK-8776/ SCH900776,0.04,D054T01P006L08,I05,166,0.09036144578313253,0.9096385542168675,0.9052980132450335,0.7066666666666667
Fludarabine,1.0,D054T01P006L08,I06,192,0.15625,0.84375,0.8938271604938277,0.7066666666666667
VX-702,0.04,D054T01P006L08,I07,195,0.11794871794871795,0.882051282051282,0.9081395348837216,0.7347826086956522
DMSO,nan,D054T01P006L08,I08,234,0.13247863247863248,0.8675213675213675,0.9118226600985228,0.7774193548387098
Miglitol,0.04,D054T01P006L08,I09,217,0.12903225806451613,0.8709677419354839,0.9174603174603178,0.7857142857142859
Mitomycin C,0.04,D054T01P006L08,I10,193,0.5181347150259067,0.4818652849740933,0.7591397849462365,0.8379999999999996
Dabrafenib with Trametinib,0.2,D054T01P006L08,I11,186,0.8494623655913979,0.15053763440860213,0.6428571428571429,0.8924050632911401
Birinapant,1.0,D054T01P006L08,I12,210,0.22857142857142856,0.7714285714285715,0.8648148148148151,0.7937499999999998
Dabrafenib with Trametinib,1.0,D054T01P006L08,I13,180,0.8777777777777778,0.12222222222222223,0.6454545454545453,0.8848101265822793
DMSO,nan,D054T01P006L08,I14,191,0.11518324607329843,0.8848167539267016,0.9106508875739651,0.759090909090909
Regorafenib,1.0,D054T01P006L08,I15,201,0.17412935323383086,0.8258706467661692,0.8493975903614462,0.8142857142857143
Trifluoridin/Tipiracil,0.04,D054T01P006L08,I16,144,0.10416666666666667,0.8958333333333334,0.9062015503875974,0.7400000000000001
Napabucasin,0.0016,D054T01P006L08,I17,179,0.11173184357541899,0.888268156424581,0.9245283018867934,0.765
Oxaliplatin mit 5-FU + Gefitinib,1.0,D054T01P006L08,I18,188,0.7074468085106383,0.29255319148936165,0.7290909090909093,0.8443609022556395
Irinotecan mit 5-FU + Gefitinib,0.2,D054T01P006L08,I19,209,0.9043062200956937,0.09569377990430628,0.635,0.8857142857142865
Volasertib,0.0016,D054T01P006L08,I20,175,0.25142857142857145,0.7485714285714286,0.7862595419847326,0.7909090909090907
17AAG,1.0,D054T01P006L08,I21,179,0.9273743016759777,0.07262569832402233,0.6230769230769232,0.9048192771084343
Axitinib,1.0,D054T01P006L08,I22,161,0.08074534161490683,0.9192546583850931,0.9094594594594598,0.7538461538461539
Miglitol,0.0016,D054T01P006L08,I23,205,0.0975609756097561,0.9024390243902439,0.9145945945945954,0.73
Crizotinib,0.0016,D054T01P006L08,I24,218,0.10550458715596331,0.8944954128440367,0.9061538461538466,0.7652173913043477
Cabozantinib maleate,0.008,D054T01P006L08,J01,208,0.12980769230769232,0.8701923076923077,0.8817679558011056,0.7481481481481482
DMSO,nan,D054T01P006L08,J02,192,0.13541666666666666,0.8645833333333334,0.9120481927710854,0.746153846153846
Ponatinib,0.0016,D054T01P006L08,J03,191,0.11518324607329843,0.8848167539267016,0.8798816568047335,0.6954545454545454
AZD 4547,1.0,D054T01P006L08,J04,224,0.8660714285714286,0.1339285714285714,0.5899999999999999,0.8752577319587637
DMSO,nan,D054T01P006L08,J05,192,0.10416666666666667,0.8958333333333334,0.9075581395348842,0.7449999999999999
Sorafenib,0.2,D054T01P006L08,J06,211,0.22274881516587677,0.7772511848341233,0.8195121951219513,0.7531914893617022
Sorafenib,1.0,D054T01P006L08,J07,206,0.7330097087378641,0.2669902912621359,0.7054545454545454,0.8443708609271525
Fludarabine,0.2,D054T01P006L08,J08,167,0.15568862275449102,0.844311377245509,0.8716312056737588,0.7807692307692308
ruxolitinib,0.008,D054T01P006L08,J09,155,0.12258064516129032,0.8774193548387097,0.8845588235294121,0.7526315789473683
Mitomycin C,1.0,D054T01P006L08,J10,217,0.9447004608294931,0.055299539170506895,0.575,0.9121951219512197
Fludarabine,0.0016,D054T01P006L08,J11,184,0.11413043478260869,0.8858695652173914,0.9116564417177919,0.7619047619047619
Sunitinib,0.2,D054T01P006L08,J12,159,0.11949685534591195,0.8805031446540881,0.8921428571428578,0.7684210526315788
ALISERTIB,0.2,D054T01P006L08,J13,171,0.25146198830409355,0.7485380116959064,0.8296875,0.8325581395348838
Oxaliplatin mit 5-FU,0.0016,D054T01P006L08,J14,201,0.11442786069651742,0.8855721393034826,0.8960674157303379,0.7304347826086955
Miglitol,0.2,D054T01P006L08,J15,174,0.11494252873563218,0.8850574712643678,0.9129870129870133,0.76
Defactinib,0.2,D054T01P006L08,J16,189,0.15873015873015872,0.8412698412698413,0.9176100628930823,0.7866666666666667
PRI-724,0.2,D054T01P006L08,J17,175,0.16,0.84,0.8482993197278912,0.7607142857142858
5-FU,1.0,D054T01P006L08,J18,210,0.6571428571428571,0.34285714285714286,0.716666666666667,0.8449275362318839
Staurosporine_500nM,0.04,D054T01P006L08,J19,172,0.7558139534883721,0.2441860465116279,0.7047619047619049,0.8615384615384619
ALISERTIB,1.0,D054T01P006L08,J20,157,0.34394904458598724,0.6560509554140128,0.8165048543689318,0.8296296296296298
Panobinostat,0.2,D054T01P006L08,J21,220,0.85,0.15000000000000002,0.6121212121212121,0.7978609625668449
Fludarabine,0.008,D054T01P006L08,J22,176,0.10795454545454546,0.8920454545454546,0.9121019108280259,0.7789473684210526
AZD 5363,1.0,D054T01P006L08,J23,216,0.7685185185185185,0.2314814814814815,0.742,0.8006024096385546
Oxaliplatin,0.008,D054T01P006L08,J24,180,0.1111111111111111,0.8888888888888888,0.9043750000000003,0.7449999999999999
Erlotinib,0.2,D054T01P006L08,K01,217,0.2350230414746544,0.7649769585253456,0.8584337349397594,0.8058823529411764
Regorafenib,0.2,D054T01P006L08,K02,226,0.2079646017699115,0.7920353982300885,0.8145251396648049,0.7936170212765958
MK-8776/ SCH900776,0.0016,D054T01P006L08,K03,166,0.12650602409638553,0.8734939759036144,0.8889655172413795,0.7428571428571429
Trifluoridin/Tipiracil,0.008,D054T01P006L08,K04,210,0.10476190476190476,0.8952380952380953,0.8920212765957455,0.759090909090909
17AAG,0.008,D054T01P006L08,K05,196,0.20408163265306123,0.7959183673469388,0.8570512820512826,0.785
Gefitinib,0.2,D054T01P006L08,K06,153,0.1503267973856209,0.8496732026143791,0.9123076923076924,0.7869565217391304
Binimetinib,0.2,D054T01P006L08,K07,125,0.896,0.10399999999999998,0.6769230769230768,0.8758928571428569
PRI-724,0.008,D054T01P006L08,K08,200,0.13,0.87,0.8856321839080463,0.7461538461538461
DMSO,nan,D054T01P006L08,K09,175,0.08,0.92,0.8881987577639753,0.7428571428571428
sonidegib,0.04,D054T01P006L08,K10,155,0.14838709677419354,0.8516129032258064,0.9000000000000002,0.7347826086956522
Bleomycin,0.04,D054T01P006L08,K11,197,0.17258883248730963,0.8274111675126904,0.8834355828220862,0.7264705882352939
5-FU,0.0016,D054T01P006L08,K12,157,0.044585987261146494,0.9554140127388535,0.9013333333333339,0.8571428571428571
Bortezomib,0.04,D054T01P006L08,K13,173,0.8786127167630058,0.12138728323699421,0.6333333333333333,0.8690789473684212
Palbociclib,0.04,D054T01P006L08,K14,199,0.06532663316582915,0.9346733668341709,0.9086021505376348,0.7538461538461537
Nutlin3a,0.2,D054T01P006L08,K15,236,0.8220338983050848,0.17796610169491522,0.6666666666666667,0.8690721649484533
17AAG,0.2,D054T01P006L08,K16,175,0.8628571428571429,0.13714285714285712,0.6458333333333331,0.8880794701986764
MK-8776/ SCH900776,1.0,D054T01P006L08,K17,199,0.09547738693467336,0.9045226130653267,0.9161111111111113,0.7052631578947368
Bexaroten,0.0016,D054T01P006L08,K18,179,0.0670391061452514,0.9329608938547486,0.9023952095808387,0.7083333333333331
Vismodegib,0.0016,D054T01P006L08,K19,146,0.07534246575342465,0.9246575342465754,0.8874074074074073,0.7545454545454544
MK-8776/ SCH900776,0.2,D054T01P006L08,K20,187,0.13368983957219252,0.8663101604278075,0.9098765432098771,0.7480000000000001
Nutlin3a,0.0016,D054T01P006L08,K21,185,0.12972972972972974,0.8702702702702703,0.9074534161490686,0.7333333333333333
Volasertib,0.2,D054T01P006L08,K22,196,0.8010204081632653,0.19897959183673475,0.676923076923077,0.8681528662420382
DMSO,nan,D054T01P006L08,K23,200,0.115,0.885,0.8932203389830506,0.7652173913043477
DMSO,nan,D054T01P006L08,K24,231,0.17316017316017315,0.8268398268398268,0.8931937172774878,0.7575000000000001
Vismodegib,0.008,D054T01P006L08,L01,198,0.16666666666666666,0.8333333333333334,0.8715151515151519,0.7454545454545455
DMSO,nan,D054T01P006L08,L02,184,0.1358695652173913,0.8641304347826086,0.9150943396226421,0.8399999999999999
Vorinostat,1.0,D054T01P006L08,L03,132,0.7424242424242424,0.25757575757575757,0.6352941176470588,0.8204081632653062
PHENFORMIN,0.2,D054T01P006L08,L04,192,0.17708333333333334,0.8229166666666666,0.8430379746835449,0.7558823529411764
Oxaliplatin mit 5-FU,1.0,D054T01P006L08,L05,198,0.6616161616161617,0.33838383838383834,0.7044776119402988,0.814503816793893
DMSO,nan,D054T01P006L08,L06,181,0.08839779005524862,0.9116022099447514,0.8781818181818185,0.7562500000000001
Alpelisib,0.2,D054T01P006L08,L07,175,0.13142857142857142,0.8685714285714285,0.8703947368421057,0.791304347826087
Vinblastin,1.0,D054T01P006L08,L08,228,0.8245614035087719,0.17543859649122806,0.6100000000000001,0.8734042553191494
pazopanib,1.0,D054T01P006L08,L09,186,0.16666666666666666,0.8333333333333334,0.8967741935483875,0.7548387096774193
Everolimus,1.0,D054T01P006L08,L10,178,0.07865168539325842,0.9213483146067416,0.9073170731707321,0.7142857142857142
Everolimus,0.008,D054T01P006L08,L11,158,0.0949367088607595,0.9050632911392404,0.928671328671329,0.7866666666666666
Ponatinib,1.0,D054T01P006L08,L12,195,0.07692307692307693,0.9230769230769231,0.9200000000000005,0.7333333333333333
Sunitinib,1.0,D054T01P006L08,L13,189,0.49206349206349204,0.5079365079365079,0.7218749999999998,0.7989247311827955
Crizotinib,0.008,D054T01P006L08,L14,161,0.09316770186335403,0.906832298136646,0.8952054794520548,0.7266666666666667
Staurosporine_500nM,1.0,D054T01P006L08,L15,182,0.7912087912087912,0.20879120879120883,0.7131578947368421,0.8395833333333339
Oxaliplatin mit 5-FU,0.2,D054T01P006L08,L16,219,0.5388127853881278,0.4611872146118722,0.7801980198019804,0.8322033898305085
MK-1775,0.2,D054T01P006L08,L17,178,0.8370786516853933,0.1629213483146067,0.6482758620689657,0.8469798657718125
DMSO,nan,D054T01P006L08,L18,147,0.11564625850340136,0.8843537414965986,0.9253846153846158,0.7823529411764705
Axitinib,0.0016,D054T01P006L08,L19,183,0.1092896174863388,0.8907103825136612,0.873619631901841,0.7549999999999999
YM155,0.0016,D054T01P006L08,L20,196,0.09693877551020408,0.903061224489796,0.8762711864406783,0.7421052631578947
Erlotinib,1.0,D054T01P006L08,L21,168,0.10119047619047619,0.8988095238095238,0.8940397350993383,0.7529411764705882
lapatinib,0.0016,D054T01P006L08,L22,164,0.09146341463414634,0.9085365853658537,0.9255033557046985,0.7599999999999999
Mitomycin C,0.2,D054T01P006L08,L23,204,0.8529411764705882,0.1470588235294118,0.6233333333333334,0.8557471264367816
Dabrafenib,0.0016,D054T01P006L08,L24,182,0.11538461538461539,0.8846153846153846,0.8975155279503109,0.8095238095238096
Methotrexate,1.0,D054T01P006L08,M01,199,0.2562814070351759,0.7437185929648241,0.8398648648648654,0.7588235294117647
Ponatinib,0.2,D054T01P006L08,M02,202,0.2376237623762376,0.7623762376237624,0.8993506493506499,0.7687499999999999
Gemcitabine,1.0,D054T01P006L08,M03,229,0.9213973799126638,0.0786026200873362,0.5888888888888888,0.8573459715639818
Docetaxel,0.008,D054T01P006L08,M04,165,0.49696969696969695,0.503030303030303,0.746987951807229,0.8134146341463413
Oxaliplatin mit 5-FU + Gefitinib,0.008,D054T01P006L08,M05,193,0.05181347150259067,0.9481865284974094,0.9065573770491805,0.78
Taselisib,0.0016,D054T01P006L08,M06,158,0.08860759493670886,0.9113924050632911,0.9041666666666673,0.7214285714285713
LGK974,0.04,D054T01P006L08,M07,189,0.12169312169312169,0.8783068783068784,0.8843373493975901,0.7608695652173915
Vinblastin,0.04,D054T01P006L08,M08,148,0.527027027027027,0.472972972972973,0.7699999999999999,0.805128205128205
Crizotinib,0.04,D054T01P006L08,M09,203,0.07881773399014778,0.9211822660098522,0.924598930481284,0.7375
Vorinostat,0.2,D054T01P006L08,M10,237,0.8523206751054853,0.14767932489451474,0.5942857142857143,0.7965346534653467
AZD 4547,0.008,D054T01P006L08,M11,178,0.10112359550561797,0.898876404494382,0.8981250000000005,0.7222222222222221
PRI-724,0.04,D054T01P006L08,M12,199,0.10050251256281408,0.8994974874371859,0.8932960893854759,0.7099999999999999
Binimetinib,0.008,D054T01P006L08,M13,146,0.2465753424657534,0.7534246575342466,0.8490909090909098,0.7777777777777778
Irinotecan mit 5-FU,0.04,D054T01P006L08,M14,235,0.8297872340425532,0.17021276595744683,0.64,0.885641025641026
ruxolitinib,1.0,D054T01P006L08,M15,222,0.8738738738738738,0.12612612612612617,0.6035714285714285,0.8479381443298974
Staurosporine_500nM,0.2,D054T01P006L08,M16,207,0.8405797101449275,0.1594202898550725,0.6303030303030305,0.8672413793103448
Irinotecan mit 5-FU,0.008,D054T01P006L08,M17,212,0.5047169811320755,0.4952830188679245,0.7028571428571434,0.8168224299065415
DMSO,nan,D054T01P006L08,M18,168,0.08928571428571429,0.9107142857142857,0.8928104575163409,0.8333333333333334
DMSO,nan,D054T01P006L08,M19,168,0.11904761904761904,0.8809523809523809,0.9006756756756762,0.8
Staurosporine_500nM,0.0016,D054T01P006L08,M20,165,0.8242424242424242,0.17575757575757578,0.6862068965517242,0.8551470588235296
ALISERTIB,0.0016,D054T01P006L08,M21,163,0.11042944785276074,0.8895705521472392,0.8855172413793108,0.7555555555555555
Defactinib,0.008,D054T01P006L08,M22,184,0.10326086956521739,0.8967391304347826,0.9084848484848486,0.7947368421052632
Irinotecan mit 5-FU + Gefitinib,1.0,D054T01P006L08,M23,197,0.9137055837563451,0.08629441624365486,0.6529411764705882,0.894444444444445
Dasatinib,0.2,D054T01P006L08,M24,148,0.25,0.75,0.8513513513513514,0.7837837837837838
lapatinib,0.008,D054T01P006L08,N01,117,0.5299145299145299,0.4700854700854701,0.7254545454545455,0.8145161290322583
Everolimus,0.04,D054T01P006L08,N02,187,0.6951871657754011,0.3048128342245989,0.705263157894737,0.8346153846153846
AZD 4547,0.04,D054T01P006L08,N03,195,0.09743589743589744,0.9025641025641026,0.9335227272727273,0.7631578947368421
sonidegib,0.008,D054T01P006L08,N04,182,0.11538461538461539,0.8846153846153846,0.8993788819875781,0.719047619047619
Vinblastin,0.008,D054T01P006L08,N05,167,0.30538922155688625,0.6946107784431137,0.8405172413793105,0.8294117647058822
Sunitinib,0.008,D054T01P006L08,N06,201,0.07960199004975124,0.9203980099502488,0.9297297297297303,0.7625
Irinotecan mit 5-FU,0.2,D054T01P006L08,N07,205,0.9121951219512195,0.08780487804878045,0.5833333333333333,0.9219251336898404
Dacarbazine,0.0016,D054T01P006L08,N08,169,0.14792899408284024,0.8520710059171598,0.9027777777777781,0.7519999999999999
Olaparib,0.04,D054T01P006L08,N09,166,0.09036144578313253,0.9096385542168675,0.9178807947019871,0.7733333333333332
DMSO,nan,D054T01P006L08,N10,173,0.12138728323699421,0.8786127167630058,0.9322368421052635,0.7380952380952381
Nutlin3a,0.008,D054T01P006L08,N11,217,0.16589861751152074,0.8341013824884793,0.8320441988950278,0.7750000000000001
VX-702,0.008,D054T01P006L08,N12,164,0.12195121951219512,0.8780487804878049,0.9062500000000004,0.7849999999999999
Oxaliplatin,0.2,D054T01P006L08,N13,175,0.3028571428571429,0.6971428571428571,0.857377049180328,0.7905660377358489
Dabrafenib with Trametinib,0.0016,D054T01P006L08,N14,163,0.12883435582822086,0.8711656441717791,0.919718309859155,0.7857142857142857
PHENFORMIN,1.0,D054T01P006L08,N15,206,0.33980582524271846,0.6601941747572815,0.8007352941176475,0.7728571428571429
Axitinib,0.04,D054T01P006L08,N16,163,0.09815950920245399,0.901840490797546,0.910884353741497,0.75625
Vismodegib,0.2,D054T01P006L08,N17,178,0.14606741573033707,0.8539325842696629,0.879605263157895,0.7576923076923077
Paclitaxel,1.0,D054T01P006L08,N18,169,0.5621301775147929,0.4378698224852071,0.7972972972972973,0.82
Axitinib,0.2,D054T01P006L08,N19,172,0.13953488372093023,0.8604651162790697,0.8864864864864866,0.7166666666666665
Volasertib,0.008,D054T01P006L08,N20,159,0.6477987421383647,0.35220125786163525,0.6928571428571428,0.8320388349514563
Alpelisib,1.0,D054T01P006L08,N21,175,0.10857142857142857,0.8914285714285715,0.908333333333334,0.7736842105263158
Gemcitabine,0.008,D054T01P006L08,N22,189,0.25925925925925924,0.7407407407407407,0.7935714285714285,0.7571428571428571
LGK974,0.2,D054T01P006L08,N23,198,0.494949494949495,0.505050505050505,0.7580000000000001,0.8255102040816322
Vismodegib,1.0,D054T01P006L08,N24,163,0.147239263803681,0.852760736196319,0.8769784172661875,0.7916666666666666
AZD 5363,0.2,D054T01P006L08,O01,168,0.10714285714285714,0.8928571428571429,0.8593333333333337,0.8222222222222224
Defactinib,0.04,D054T01P006L08,O02,152,0.8355263157894737,0.16447368421052633,0.628,0.8661417322834648
Staurosporine_500nM,0.2,D054T01P006L08,O03,149,0.785234899328859,0.21476510067114096,0.6437499999999999,0.8598290598290598
Idelalisib,0.04,D054T01P006L08,O04,186,0.11827956989247312,0.8817204301075269,0.9219512195121954,0.8136363636363636
LGK974,0.008,D054T01P006L08,O05,193,0.13989637305699482,0.8601036269430051,0.8813253012048197,0.7481481481481481
DMSO,nan,D054T01P006L08,O06,181,0.13259668508287292,0.8674033149171271,0.918471337579618,0.7249999999999998
Alpelisib,0.04,D054T01P006L08,O07,170,0.10588235294117647,0.8941176470588236,0.9131578947368425,0.7555555555555554
Napabucasin,0.04,D054T01P006L08,O08,163,0.07975460122699386,0.9202453987730062,0.9046666666666667,0.6923076923076922
ruxolitinib,0.2,D054T01P006L08,O09,204,0.11274509803921569,0.8872549019607843,0.8801104972375696,0.6956521739130432
Oxaliplatin mit 5-FU,0.008,D054T01P006L08,O10,201,0.12935323383084577,0.8706467661691543,0.8965714285714292,0.7923076923076925
Oxaliplatin,0.04,D054T01P006L08,O11,174,0.16666666666666666,0.8333333333333334,0.9027586206896556,0.7620689655172415
Ponatinib,0.04,D054T01P006L08,O12,166,0.1566265060240964,0.8433734939759037,0.8685714285714289,0.7884615384615385
Fludarabine,0.04,D054T01P006L08,O13,196,0.1326530612244898,0.8673469387755102,0.8811764705882359,0.7423076923076923
Birinapant,0.0016,D054T01P006L08,O14,198,0.17676767676767677,0.8232323232323232,0.8730061349693254,0.7828571428571431
MK-1775,1.0,D054T01P006L08,O15,146,0.8561643835616438,0.14383561643835618,0.6428571428571428,0.8223999999999999
Methotrexate,0.04,D054T01P006L08,O16,210,0.3904761904761905,0.6095238095238096,0.7578125000000001,0.7524390243902443
Staurosporine_500nM,0.04,D054T01P006L08,O17,179,0.8491620111731844,0.15083798882681565,0.6666666666666666,0.8500000000000003
17AAG,0.04,D054T01P006L08,O18,136,0.8823529411764706,0.11764705882352944,0.6625,0.876666666666667
Etoposid,0.2,D054T01P006L08,O19,179,0.6815642458100558,0.3184357541899442,0.6701754385964913,0.8204918032786888
GSK2636771,0.04,D054T01P006L08,O20,166,0.10843373493975904,0.891566265060241,0.9074324324324327,0.7111111111111109
Binimetinib,0.0016,D054T01P006L08,O21,167,0.1497005988023952,0.8502994011976048,0.9091549295774656,0.768
DMSO,nan,D054T01P006L08,O22,159,0.08176100628930817,0.9182389937106918,0.923287671232877,0.769230769230769
Staurosporine_500nM,0.2,D054T01P006L08,O23,139,0.6834532374100719,0.3165467625899281,0.709090909090909,0.876842105263158
Binimetinib,1.0,D054T01P006L08,O24,147,0.8979591836734694,0.10204081632653061,0.6266666666666666,0.8871212121212125
Dabrafenib with Trametinib,0.008,D054T01P006L08,P01,178,0.16292134831460675,0.8370786516853932,0.8751677852348994,0.7724137931034482
Volasertib,1.0,D054T01P006L08,P02,123,0.7886178861788617,0.21138211382113825,0.7269230769230768,0.9092783505154641
sonidegib,1.0,D054T01P006L08,P03,180,0.1388888888888889,0.8611111111111112,0.9070967741935485,0.768
Panobinostat,0.0016,D054T01P006L08,P04,175,0.08571428571428572,0.9142857142857143,0.9087500000000004,0.7333333333333332
Dacarbazine,0.008,D054T01P006L08,P05,160,0.125,0.875,0.9221428571428572,0.7149999999999997
Trifluoridin/Tipiracil,0.0016,D054T01P006L08,P06,167,0.15568862275449102,0.844311377245509,0.9028368794326243,0.7115384615384615
Bortezomib,0.0016,D054T01P006L08,P07,196,0.3622448979591837,0.6377551020408163,0.8192,0.7901408450704224
Vorinostat,0.04,D054T01P006L08,P08,200,0.52,0.48,0.7666666666666665,0.8067307692307691
Trametinib,0.2,D054T01P006L08,P09,180,0.8666666666666667,0.1333333333333333,0.6916666666666665,0.8641025641025651
Bexaroten,0.2,D054T01P006L08,P10,182,0.10989010989010989,0.8901098901098901,0.8827160493827165,0.7949999999999999
Taselisib,0.04,D054T01P006L08,P11,187,0.24598930481283424,0.7540106951871658,0.8106382978723403,0.7847826086956522
Doxorubicin,0.2,D054T01P006L08,P12,9,0.3333333333333333,0.6666666666666667,0.5666666666666668,0.6333333333333333
Gemcitabine,0.2,D054T01P006L08,P13,178,0.8764044943820225,0.1235955056179775,0.6136363636363634,0.8602564102564104
Irinotecan / SN-38,0.0016,D054T01P006L08,P14,250,0.872,0.128,0.60625,0.8541284403669732
VX-702,0.0016,D054T01P006L08,P15,185,0.15135135135135136,0.8486486486486486,0.8662420382165609,0.7678571428571429
Methotrexate,0.2,D054T01P006L08,P16,197,0.5532994923857868,0.4467005076142132,0.6920454545454549,0.7688073394495415
Miglitol,1.0,D054T01P006L08,P17,139,0.8129496402877698,0.18705035971223016,0.6269230769230768,0.8353982300884959
Trifluoridin/Tipiracil,0.2,D054T01P006L08,P18,186,0.23655913978494625,0.7634408602150538,0.8366197183098594,0.7613636363636364
Panobinostat,1.0,D054T01P006L08,P19,48,0.5625,0.4375,0.5857142857142856,0.7111111111111109
Bleomycin,0.0016,D054T01P006L08,P20,164,0.07926829268292683,0.9207317073170732,0.9066225165562917,0.7692307692307693
Napabucasin,0.008,D054T01P006L08,P21,158,0.13291139240506328,0.8670886075949367,0.9197080291970806,0.7142857142857144
GSK2636771,1.0,D054T01P006L08,P22,134,0.15671641791044777,0.8432835820895522,0.8460176991150443,0.7380952380952379
Trametinib,0.04,D054T01P006L08,P23,205,0.9073170731707317,0.09268292682926826,0.7052631578947368,0.8580645161290328
DMSO,nan,D054T01P006L08,P24,173,0.10404624277456648,0.8959537572254335,0.9174193548387097,0.788888888888889
