,AUC_Mean,AUC_Std,Distance
Linifanib (ABT-869),0.6579492653059368,0.048852054507046584,2.9788413637405315
Y-27632 2HCl,0.544871156283345,0.028767056101721776,0.9632934123010364
Cediranib (AZD2171),0.7910556715506061,0.0593173462859806,6.049113093458942
Avagacestat (BMS-708163),0.614406703800099,0.03983769621475536,1.7132323207857953
Motesanib Diphosphate (AMG-706),0.6777983787444067,0.05365090837761065,2.5047848853212487
TWS119,0.5409809144396214,0.016980775330915236,0.6428045558654877
Sunitinib Malate,0.7892804013444337,0.045470660661114215,3.2462749490083773
AZ 960,0.6230875565571747,0.025869037856667127,1.7696697428109818
SL-327,0.835524181599618,0.03904588962359185,4.041381822457102
MK-0752,0.5706841351569611,0.042608413225294614,0.9843506426388888
SU11274,0.6888465213404948,0.04740222181756733,3.013757886331117
CHIR-98014,0.9132340935207125,0.02624665692651384,11.271435452474645
Vatalanib (PTK787) 2HCl,0.6491381073194212,0.04084654558703721,1.5277031407716497
WHI-P154,0.5491270652040321,0.0352537170629561,0.9407731478213103
Foretinib (GSK1363089),0.832728054388751,0.04530072240668124,10.551491597455215
IWR-1-endo,0.6210559505076141,0.05063951305935137,1.834740421388288
AT9283,0.9706048351342845,0.005848882297471125,18.87295731376807
BIO,0.6612968973429124,0.029129258639231926,1.9713116851943435
Lenvatinib (E7080),0.6831565684580755,0.06653336254289698,2.38948734957822
K02288,0.552921658202616,0.03343898417944006,0.8304374900345644
WZ8040,0.6818626108615033,0.06186904691938772,2.4001645928781783
Filgotinib (GLPG0634),0.6791525374852734,0.01989183713155262,3.033053093402597
DMSO,0.5038463646914163,0.0035341670796042576,0.0
AG-1024,0.663813916124639,0.06929842474255155,3.6838186396539108
GNF-5,0.6972386761096718,0.026055404155944203,1.9620350103585253
BX-912,0.9194047816122077,0.022902451738679854,13.834528578833286
Aurora A Inhibitor I,0.9107946453235914,0.03544088834096123,15.652991775530229
VX-11e,0.9474187835465452,0.02981198851173064,8.050943329201376
Pimasertib (AS-703026),0.971789293587676,0.021533485015039346,9.571431654700222
Quizartinib (AC220),0.8476878974796653,0.06435022642124116,10.573952890849242
LJI308,0.6380362673257873,0.07148300232591516,2.589893438127043
PHT-427,0.5765856818690154,0.050916606539503244,1.582324973639296
BIRB 796 (Doramapimod),0.6084806258907587,0.0682176436924524,2.0247310727130574
VE-821,0.6253099569397674,0.06614757341714295,1.622735857402513
AZD8330,0.9384407293732544,0.02173105640169583,8.529669644046797
GSK461364,0.9645030517809954,0.02146626379618298,16.894545292884484
BMS-582949,0.6533657488194469,0.08767188755447235,1.8842455214823497
Mubritinib (TAK 165),0.9097987414101647,0.02905758322137676,8.931538792157571
Volasertib (BI 6727),0.6452059722905906,0.07438036702444235,3.0534408618116204
Axitinib,0.6757217742555034,0.05502055203972756,2.837058284339449
Enzastaurin (LY317615),0.6930027110241542,0.03560839537159232,4.475300607006288
"Dovitinib (TKI-258, CHIR-258)",0.8461091398747309,0.0638296039084471,11.472144084266153
Ruxolitinib (INCB018424),0.5268488223475998,0.02759195330926902,0.7228129493201246
Nilotinib (AMN-107),0.6259733472404772,0.05906783335502554,1.996967053419787
Semagacestat (LY450139),0.6338565309821096,0.05157258837021594,1.8907592178260804
"Temsirolimus (CCI-779, NSC 683864)",0.7266048486307353,0.041552166515580365,3.070019601768937
DAPT (GSI-IX),0.5926360995316003,0.07188531610992595,1.5314317582664125
Crizotinib (PF-02341066),0.9506776383678123,0.02946131468742682,19.004294765191833
ICG-001,0.6017436016082127,0.035644854386349116,2.1286520886529465
Brivanib (BMS-540215),0.6502388773754848,0.056430843812763004,2.194724437874489
GW788388,0.5556691057893642,0.041986683395439296,0.8215876954512689
U0126-EtOH,0.5501270605889376,0.06585001226111317,1.1662940073079593
S-Ruxolitinib (INCB018424),0.5459050923929879,0.028386933510707063,1.2417649632377805
GSK690693,0.8652706205175003,0.0370085757824507,3.9488464285869234
SANT-1,0.5661372091228266,0.0423868293317466,0.9050818187200054
Brivanib Alaninate (BMS-582664),0.6568010330833547,0.06859353502326077,2.0949489597521214
Ro 31-8220 Mesylate,0.93587334473367,0.023372917675112414,9.952226566411138
CP-724714,0.6038800016669762,0.049030479811475104,2.070490052384142
AR-A014418,0.5970346733249738,0.028314599074997518,1.4862309201683532
ENMD-2076,0.956581336268979,0.02749540355578254,13.329876648203085
STA-21,0.6305805515954249,0.020067849114685402,2.143293696304929
Amuvatinib (MP-470),0.6006116005807203,0.05771583654522329,1.969122796120075
GNE-7915,0.6039054957731043,0.05729846660948942,1.9904061072921595
Genistein,0.7421049178137066,0.05906594669494514,4.3560964021893165
PHA-680632,0.9442625395254657,0.019316244877746556,15.40995136941796
FIIN-2,0.6049398289856797,0.06536367152085168,1.5499286459820427
HMN-214,0.9123079322852592,0.03615084886890282,14.349037151609112
Hesperadin,0.9268726286148061,0.013340143329114188,9.118869689385518
ONO-4059,0.6976749196668031,0.10783791249263935,2.3104377921717605
KRN 633,0.5572730544720546,0.05718393517219648,1.3854398671495873
Tie2 kinase inhibitor,0.6103598111051133,0.059023483058613206,1.9080277313549212
AG-18,0.5547757224463278,0.049137401531191706,1.6539292150652252
KW-2449,0.8952422765865233,0.04276752363176164,10.567506243702338
R406,0.6065321961704597,0.03618278686988248,1.485026025037882
AMG 337,0.6711300991447936,0.04575456664096116,2.983301284517722
PP242,0.8413332188630113,0.08138963589867988,5.116369507323949
Palomid 529 (P529),0.6328261107709537,0.06360136052063682,1.9169388182622855
Saracatinib (AZD0530),0.904455070744931,0.060786717827407494,9.453234768957486
SB431542,0.5907944571999222,0.0515637029286192,1.9043407965550998
PD184352 (CI-1040),0.803495209369349,0.05126909425625795,3.5742968160968442
Thiazovivin,0.6219876539905405,0.02718989282609331,2.1543424906519713
NVP-AEW541,0.968728708239173,0.00865345834671946,15.677121358374174
Theophylline,0.6058497757182227,0.04752801574240144,1.1198276084910748
"VX-680 (Tozasertib, MK-0457)",0.9186349138262232,0.025504805982475925,14.189011018217158
CYT387,0.5855222389764544,0.025117674552361628,2.226869109160461
PHA-665752,0.7871125406695306,0.0652416171414159,4.80613312581209
NVP-BSK805 2HCl,0.6923301172365097,0.05193511405457127,2.539431302324115
"Refametinib (RDEA119, Bay 86-9766)",0.9050905862823427,0.04526815002121379,6.801264395632778
PF-5274857,0.5709526999315413,0.019757674408319045,1.5012877736845893
ZM 447439,0.8634805782961095,0.049161981714920304,11.045861768295895
Pirfenidone,0.6258283057789431,0.033942829536189545,1.8135099048116208
JNJ-38877605,0.6853941895158165,0.07100898515087525,4.204524037903485
KY02111,0.5540639247657794,0.02484232193446462,1.1481552647045723
AG-490 (Tyrphostin B42),0.601682778247608,0.03297411783173705,1.5956509909358936
GF109203X,0.816202179901441,0.014285383756708646,4.595696929437661
TGX-221,0.7788986046657826,0.06220862864609903,3.9898760018054187
FH535,0.7934875750277819,0.01948664386190481,3.199873340425812
CUDC-101,0.9695033973061287,0.010788100588407493,12.763809919651623
ZM 39923 HCl,0.5289925026231372,0.022508295942636668,0.854240557223716
JNJ-7706621,0.9667662279130571,0.017198928709340797,15.910390561243316
Decernotinib (VX-509),0.6413496387782758,0.0467147581066816,1.5476996435254204
TG100-115,0.5473854891832597,0.030971240530675227,1.9562317122859185
VX-745,0.5677541143666801,0.05063855042237975,2.045311154149414
Bikinin,0.5570797481620449,0.049811235669077115,2.1064838327320192
AEE788 (NVP-AEE788),0.9431952930170852,0.028491183962294733,12.10145187625505
BIX 02188,0.5908070668229589,0.06185637804904277,1.9484468825971504
CC-223,0.8678808910316202,0.05560636445879334,4.981189590530626
AT7867,0.8761606578082473,0.038318952210819233,7.2644600642324075
H 89 2HCl,0.585560607711955,0.0868855926270512,2.699532437021256
CEP-32496,0.6273301888826959,0.05618903966198724,2.8985760615518625
RAF265 (CHIR-265),0.9660390859183442,0.019119022551661844,9.613017739223496
SGI-1776 free base,0.7997009017283643,0.027092404006590506,5.944295880889843
Oclacitinib,0.5677083769024109,0.017440028500041026,1.424984150567914
Degrasyn (WP1130),0.5420087000533906,0.0402768630110739,1.7030106069977367
Selumetinib (AZD6244),0.94199788251989,0.017429520069231805,9.67053611809923
SB216763,0.646581028896551,0.025874212499386262,2.6757052380844057
Dasatinib,0.8059160418452264,0.04624381083342523,5.543908080336824
GSK429286A,0.7162094476753509,0.02628180827074138,4.488125301225878
Pazopanib HCl,0.5678154022910791,0.06400020329341596,2.7866230419319518
"LDE225 (NVP-LDE225,Erismodegib)",0.5663287146002426,0.04047459510997566,0.9397803604152742
LY2157299,0.6186653556101085,0.03865171793732515,2.204003906218435
ZSTK474,0.8999823722018878,0.028937748472814988,7.342890806616527
TG101209,0.9433771505479743,0.01234273686916657,15.520847504283168
OSI-906 (Linsitinib),0.9249517498148727,0.024510683936512206,5.8489573666903185
"Tofacitinib (CP-690550,Tasocitinib)",0.6202831247317461,0.025006246954392866,1.452385340669142
GDC-0879,0.6733000263193394,0.05575589171589963,3.27914083610672
Go 6983,0.8241045589734034,0.017661684639213908,6.674200989361202
Triciribine,0.8702485512170469,0.04325669451445387,5.886113771374605
BMS-833923,0.5504814876151752,0.03580896667109954,0.9549359543382772
SNS-032 (BMS-387032),0.9762315848799551,0.013009356163628876,16.066328837551715
RepSox,0.7075842010622069,0.04020507461281226,3.004280762871947
WZ3146,0.8955408336990083,0.041221249568519615,11.5224447739395
WIKI4,0.594169815121062,0.03863805941991563,1.4827015621907056
Tivozanib (AV-951),0.5749170022582508,0.051748918989570285,1.907068983053369
Pacritinib (SB1518),0.9716803696051264,0.013303743311133211,15.476347863369837
CHIR-99021 (CT99021),0.7734663619921724,0.05980583573057031,5.409881941163166
Vacquinol-1,0.9039265328151244,0.02228182911801229,13.667626398990793
MGCD-265,0.6053482932123398,0.060380491832516814,2.5084449012141454
BLZ945,0.5886917379104222,0.08613740236154897,1.2416690303741948
PHA-793887,0.9525230566037253,0.021244280824687427,13.580828631852814
BIX 02189,0.5928083743232481,0.05655433828594474,1.860246689442051
GSK621,0.5834893965233553,0.04197147712987161,1.2526788338594859
BMS-777607,0.570987562067738,0.03936096700362045,1.5544296041995502
AZD5363,0.7457259834113852,0.04363589240178015,3.0154216810910697
AZD1480,0.9100879032226119,0.01552046167563444,15.495258154403436
BMS-794833,0.6196610085795127,0.05077622256975742,2.537162335288322
BI-78D3,0.6241378806753165,0.0789954310102944,2.1313765100005284
SB590885,0.621408248237402,0.07307768723022667,2.0180032512684325
"BKM120 (NVP-BKM120, Buparlisib)",0.9600215028923482,0.010728927660091519,14.676050148338133
Nintedanib (BIBF 1120)_uncertain,0.6577578456114901,0.0372228538562405,2.248323623089668
Vismodegib (GDC-0449),0.6032664532502429,0.03439848519929047,2.200534381882841
"Ridaforolimus (Deforolimus, MK-8669)",0.8007933611168646,0.05412798896876144,3.6340785356953482
SB525334,0.586669773799224,0.04310540699150325,1.5213521447241485
PD0325901,0.9641445967374024,0.024238943751904128,8.085682894135335
Taladegib (LY2940680),0.581646482382823,0.025962179855206848,1.0310714530634182
Hesperetin,0.5335131388997387,0.02853539987004257,1.0537315574106674
YO-01027,0.6626347087246919,0.035772314647533304,1.6192697002278689
KU-55933 (ATM Kinase Inhibitor),0.5863058513043843,0.055128555063595146,1.2297762835791208
Sotrastaurin,0.61775827279097,0.0477236257712088,1.1223441144050263
LY294002,0.684271121870333,0.05321499323448159,2.1690227657306584
CHIR-99021 (CT99021) HCl,0.8178065229323354,0.01831567221819873,5.697083459933731
"Cabozantinib (XL184, BMS-907351)",0.6922685533312437,0.03270065629863948,3.0087996861014132
LGK-974,0.6049868921764948,0.033686669244617815,1.2014029535183275
Barasertib (AZD1152-HQPA),0.9599388048417602,0.014516578333567058,17.802487538724204
AZD2858,0.9247296693852679,0.01907170965215388,13.902755241151928
CYC116,0.9552898470372982,0.019310926164124782,14.438685521050976
HO-3867,0.6061616669672898,0.04729140472531514,1.5809504213941585
YM201636,0.7446838899789853,0.039786058481170124,4.022206558447071
Wnt agonist 1,0.928547537587668,0.01809565303746391,17.380719515977134
PD173074,0.7689880157710947,0.09008989547960647,4.261370213671853
G-749,0.5744087392283062,0.05004901526820589,1.5782463222713852
Rigosertib (ON-01910),0.9420035045968689,0.016853891580151197,14.302183431360314
SP600125,0.6469404443273603,0.07549734371804487,2.2587866749196697
LFM-A13,0.620597402941054,0.0532414603540773,1.619690528306063
PIK-93,0.8889368872904319,0.04790353744666803,6.436985908383372
AZD7762,0.9356816856950045,0.011839139851297543,14.162955121486082
DASA-58,0.6799174320091479,0.05037149740781351,2.488437299291974
PD318088,0.921672673656763,0.030076555746213738,7.253580684742346
Acadesine,0.6016166837542651,0.044750410031056044,1.678339203217582
TCS 359,0.6776608317345194,0.07483364955938204,2.822705102999791
PF-4708671,0.9170337510331891,0.03715546828892298,13.192382510144165
NVP-BHG712,0.684415903695485,0.05017832756715011,3.5900142700737865
"Olmutinib (HM61713, BI 1482694)",0.6915942065495038,0.06409582519402689,3.2415408695471153
Apatinib,0.6214793518760093,0.036131368065940875,1.9496926314272085
Asiatic Acid,0.6222784905037506,0.06893456193872875,1.7603741661260086
Afatinib (BIBW2992)_uncertain,0.5721901692700115,0.030503111095820695,2.028391087276682
Gefitinib (ZD1839),0.8568695331562572,0.022473002956334004,6.98041459220114
LY2811376,0.6263013081882193,0.03605947645687093,1.981573227131676
PI-103,0.5922962836771777,0.06658071102743891,2.5020631224616388
AC480 (BMS-599626),0.8755952032686579,0.03648671911595845,5.330596822442621
Indirubin,0.7204579514093933,0.039136589910644885,2.487972443149749
SB203580,0.7078265133837698,0.05871649617054745,3.6633375044205225
LY411575,0.64386730399762,0.036046158973558444,2.018981508855049
GSK1904529A,0.6821956961944243,0.048121961153702604,1.6961745779344717
WP1066,0.6031152702158572,0.020247344356340003,1.745453470493072
OSU-03012 (AR-12),0.8255451728640306,0.054559761141691074,5.863820377607959
Tofacitinib (CP-690550) Citrate,0.5466274718253897,0.03898681329255571,1.2966644277044488
Everolimus (RAD001),0.6647524955513423,0.03298551423239863,3.162806222893789
AZD1080,0.7952408197915605,0.02330689379579749,6.951896722580483
PLX-4720,0.5782360099374871,0.058071178175115645,3.1917422465176006
PD173955,0.8045250595789412,0.03156908339496939,6.630425220056937
WZ4002,0.5848673831109077,0.037914230005063894,2.1855871712813055
OSI-930,0.5624414030695336,0.0435449551734004,0.9628720147604888
WYE-354,0.83780990474907,0.030774990557006724,6.464302867106204
AT13148,0.7558667560823878,0.0833837244895423,3.679115850964447
Ki8751,0.7469955541433553,0.05735553090604767,4.143164740380384
AZD6482,0.5877108315687165,0.0618112086286542,3.216369542785125
SB239063,0.6182766430982595,0.07356885634074306,2.554824773059195
Ponatinib (AP24534),0.8049692880833742,0.05814601879990349,4.955824634225998
R406 (free base),0.6243049284122634,0.07948367631388825,2.751049101634244
GSK2292767,0.9110827659123775,0.04097797028304083,7.832191502578987
KU-60019,0.8198426840201176,0.05509664756395007,6.895295614349261
PF-573228,0.7943798258523751,0.07349989166672899,3.7065173963000984
Tyrphostin AG 1296,0.5946906233186502,0.05327501684346503,1.4148531244946811
LY2784544,0.8212544905075625,0.01739705693620524,9.77844002816867
OSI-420,0.9397591809369075,0.016195738219853328,9.622419992035171
"7,8-Dihydroxyflavone",0.6160029327930723,0.038308718500777515,2.3097687370098896
"CAL-101 (Idelalisib, GS-1101)",0.6669384643554637,0.07867651498150635,2.443149509939508
Honokiol,0.5402648912631192,0.037863428151531486,0.9835952184110671
BMS-536924,0.843716438369477,0.061988714432862475,5.960236085444957
Imatinib Mesylate (STI571),0.8935366417405192,0.023983941669657702,5.103878068867752
Fasudil (HA-1077) HCl,0.5920950412914351,0.03341393745508836,1.9499547188300101
Rapamycin (Sirolimus),0.6880682033102861,0.050871988326097635,2.250782544633212
Masitinib (AB1010),0.7416066326057275,0.05934773547722679,5.388189891054782
Quercetin,0.5452297550546306,0.032838500352037975,0.6756281907214746
SB202190 (FHPI),0.6956123331413628,0.0914171230579894,3.8614866954068297
SB415286,0.5859214312499248,0.021432737351331187,1.4082569649404766
PF-04217903,0.5988448855405725,0.043477092210086304,1.3059415951247837
CEP-33779,0.5867240362379927,0.04181295987656478,1.1782253032541143
Danusertib (PHA-739358),0.9366303171027015,0.025425381678670096,15.583120906129054
XL019,0.6887285355888813,0.020031316621218917,2.372477751146707
BMS-754807,0.94641984449359,0.017558336300290894,12.016636121391802
1-Azakenpaullone,0.6878977050879783,0.03543528189079918,3.6360876618502744
"Roscovitine (Seliciclib,CYC202)",0.6880682019272168,0.0801259636464107,2.7160844801699198
IWP-L6,0.5632231479314844,0.02780514927966463,1.6481701223874003
PD98059,0.5414515207932927,0.024163131577864424,2.392935538315555
KU-0063794,0.8774864537231304,0.04358884143571464,4.880556089306725
PRI-724,0.5688039476651748,0.06498681822870937,1.5071877840350527
"Vemurafenib (PLX4032, RG7204)",0.5542690703664506,0.02789409367568989,1.8198376129205485
WH-4-023,0.6315960570412616,0.05296459484876727,2.2664463233445185
"TSU-68 (SU6668, Orantinib)",0.5843069524688942,0.03903514900268478,2.1510103569202403
ANA-12,0.5853103607790535,0.06915888171016517,1.7284557852844624
SAR245409 (XL765),0.5977034363186433,0.05862556601396422,1.6794761187899594
CP-673451,0.9435798001194154,0.01828919737310542,11.934283036976135
BS-181 HCl,0.7158348283282815,0.06143816810754265,3.3110737981656846
BMS-265246,0.8963615300704705,0.0474182287927718,6.263903069559425
NSC 23766,0.5771520030621518,0.09864074607323578,1.6313337694829193
AST-1306,0.8815379581455008,0.04231104377544847,5.553588762724526
PIK-293,0.6140894576667134,0.07210190150654165,3.0701401405030997
LY3023414,0.8643917951532807,0.036061785042576525,6.843646666970762
PIK-294,0.5860105147848428,0.04785168827953642,2.0383441259037434
Bosutinib (SKI-606),0.7567561793331334,0.05767497249462003,5.526002498196051
XAV-939,0.5351947703746944,0.02699591424015303,1.272333724997565
Lapatinib (GW-572016) Ditosylate,0.578518563510803,0.044738697512079824,1.3920361366254776
RO4929097,0.6480265538880473,0.041930649699638264,2.801238797359137
Sorafenib Tosylate,0.6092040102821674,0.0771310658601384,1.5345086037565685
SB505124,0.5386019735618086,0.024321032988516532,1.29964851182711
GDC-0941,0.7085834897705648,0.06172238652474036,2.2649281876738283
Astragaloside A,0.6293247929930035,0.03982500956245947,2.0987785855573273
MK-2206 2HCl,0.8716788847374672,0.05889761658605584,5.7107729912606136
TG101348 (SAR302503),0.9542994525723156,0.009165247787494904,16.598840170453013
MLN8054,0.6234134476764919,0.0569548984189569,2.23244054698174
"Baricitinib (LY3009104, INCB028050)",0.5887545381379766,0.04238592283222645,1.7157123660980726
BI 2536,0.948065981944587,0.022094597756718508,17.496543426719725
Wnt-C59 (C59),0.5721015120326912,0.03246360362331067,1.9336243503118242
Alisertib (MLN8237),0.8984905711466687,0.02415266899187223,16.42258520893654
RKI-1447,0.5479216869583972,0.02208509558947741,0.9119760472615182
SNS-314 Mesylate,0.933984706589988,0.0376086536626859,16.65000039157429
SH-4-54,0.6358402468233507,0.04057313340311704,2.2241038689672163
Regorafenib (BAY 73-4506),0.5529179007604406,0.03739471332113704,1.3334913796154064
IM-12,0.5899113159869144,0.03468851529035266,1.5619209553718238
Flavopiridol (Alvocidib),0.9716064642575475,0.02566897943469131,16.133795333118982
BX-795,0.6624361710389615,0.06697320485656728,2.932985254558909
Pelitinib (EKB-569),0.8808793805019647,0.0418783869467792,9.213192616972714
Ro-3306,0.57239466903228,0.08995874881234038,1.923069308028488
AT7519,0.9533398768784116,0.03087245857465338,15.768125864213681
AZD8055,0.8457445128363565,0.04138903325146001,7.472259877226187
ETC-1002,0.5801141971779409,0.03991540288327595,1.882057863747708
Lapatinib,0.6611176360141002,0.05809592536760014,2.04321738880488
"PRT062607 (P505-15, BIIB057) HCl",0.8855797839762944,0.024061364585567204,7.0789629071693625
AZD8931 (Sapitinib),0.7924225388897346,0.0508094240461824,6.46677517313655
Telatinib,0.5312348405251999,0.042107207268501576,1.1828669802060279
Chrysophanic Acid,0.5652984435312486,0.04383369138124022,2.307441327296552
Anacardic Acid,0.5544127061342243,0.05260209367240828,1.6145782419835166
LY2603618,0.8903322506153485,0.041469605349786456,10.299851383102798
PF-00562271,0.9034461516474112,0.028845879307762085,13.137088174366925
SC1,0.9356117837244329,0.029456947302730536,7.901421044770757
R547,0.9587155974227846,0.022536368910026007,13.301907515056257
TAK-901,0.8606408546970681,0.043634265217754535,11.132565589123553
PLX7904,0.6139528862739859,0.07499068223163595,1.4841263585430824
Tivantinib (ARQ 197),0.9009144782383925,0.03390760582803496,13.610524142798095
Butein,0.6176641302216274,0.0696189555935836,2.3004587418771605
MK-2461,0.6753516228384217,0.06296586822276252,1.875549064232066
Dabrafenib (GSK2118436),0.6514308465635715,0.06607646323956513,2.375704976019217
TPCA-1,0.806607299657282,0.04665981478897404,5.829434732060528
IKK-16 (IKK Inhibitor VII),0.9701237393422917,0.021653042788036026,18.360434351865656
PF-477736,0.8544025994218132,0.04260387546455448,11.62711800439201
Piceatannol,0.7466525711042931,0.07373909364075716,2.85233173896581
AP26113,0.9350159601302133,0.025187957337618323,13.387563551741316
PD168393,0.8857962410273892,0.026665675830740733,6.505741105029242
RN486,0.6550344222052928,0.06806553053769039,2.4554229477103298
AZD3463,0.9426576274872025,0.022480573314654168,12.452165829095907
SSR128129E,0.5646297064402898,0.03929045573444978,1.3605542188779045
FRAX597,0.9116245363413986,0.02114185498459958,13.299597624926871
TG003,0.634902318173144,0.031088362483495908,3.2411918872500456
KN-62,0.6256448612414116,0.05437391192778464,2.0633962254223555
Phenformin HCl,0.6637743827138392,0.05347281089329952,2.2929588453538297
DCC-2036 (Rebastinib),0.8085630520305536,0.0349501633163834,5.273807089263175
Trametinib (GSK1120212),0.8908371450006074,0.024891579134981624,6.423980464318083
SU6656,0.8738782321657492,0.059704854332551884,11.910068059304498
WAY-600,0.9036607414970612,0.021737705469810818,7.297234303165432
AMG-900,0.915443804789408,0.03282190822005984,16.196192641531713
AZD3759,0.8512701521500583,0.031008049722880977,5.805519977615297
PHA-767491,0.9710813796275912,0.012090867153169142,14.946525011642121
Varlitinib,0.6368806212075226,0.05712360781397383,1.8451187152584192
GDC-0349,0.8745474308270552,0.03495972542601017,6.8062992453337054
AZD2014,0.8981839925699605,0.037876642112393416,5.927921252140135
GDC-0068,0.8485409436669065,0.03167260921223717,4.440105951329939
SAR131675,0.5653283276526906,0.05777513118482523,1.896617976402522
PF-562271,0.9395997208828215,0.01674247743429397,11.88911280969161
Schisandrin B (Sch B),0.5663688785287982,0.058322279922580975,1.7891210792923038
AZD2932,0.6724465218842395,0.047181741398010006,1.7668637717257725
CX-6258 HCl,0.6154507114352051,0.06679248115633458,1.7454291565282758
LDK378,0.9149774994993877,0.021413037438711337,10.85507375175589
NU6027,0.6088580292532679,0.07345452043504509,1.984003760764292
AVL-292,0.6546885411860266,0.03378888766388483,2.7955835056466345
GSK650394,0.682990516826291,0.06096657128164158,3.0230441312675818
CO-1686 (AVL-301),0.7505317738023352,0.0491499871298879,3.241252195812227
ERK5-IN-1,0.9236460913366475,0.027020472168212177,10.21817103921028
KN-93 Phosphate,0.5920662183106417,0.04429015512525627,1.7312609281767046
Daphnetin,0.5658774704954971,0.0451122550162737,1.5037673417017887
LDN-214117,0.6320362718148687,0.05137751489946559,2.0322441300427827
CCT128930,0.8100990370741012,0.04315246668498973,3.637235935525223
Flavopiridol HCl,0.9505545535105483,0.0428045345930569,14.648740650539805
Akti-1/2,0.8432518177852442,0.036971198815289985,4.830039685836578
ZM 336372,0.6723878760566142,0.11183231825351035,2.573902835218635
VPS34-IN1,0.888363446661104,0.03152585041094096,6.012400751337941
PF-04691502,0.9038594379889904,0.02434101494283991,7.005464892432328
CUDC-907,0.9785430522445099,0.018564119237713783,13.477251445758823
"Cobimetinib (GDC-0973, RG7420)",0.8106310742637787,0.05709273632583183,9.147251513355192
TAK-285,0.7690766624502585,0.06847554070909963,3.3468859939534594
INK 128 (MLN0128),0.8978499138192338,0.021083073393398242,8.13480895131792
BI-D1870,0.6614283016451316,0.07752876391964829,2.457863780954511
GW441756,0.6261122198425024,0.07773374225689006,1.5752437629969227
BAY 11-7082,0.5648874886069584,0.055438043086950446,1.6662380850173146
Cabozantinib malate (XL184),0.6868987730926861,0.04521991284913976,2.6848846203784107
"MEK162 (ARRY-162, ARRY-438162)",0.8716546401173091,0.04533731697764777,6.7699283902947665
AZ20,0.927525968716874,0.02327928883517818,10.468912106728586
GSK2334470,0.8595995266548428,0.026806411735198238,5.051074694190901
MLN2480,0.6800778019931901,0.05376704697981175,2.5753701242726965
SKI II,0.6164734689216775,0.036166071101021435,1.6847079731197783
Skepinone-L,0.5829992396601316,0.036794222498552055,2.8336174783988737
PFK15,0.642432429200041,0.04400346228018712,2.2321349782314672
URMC-099,0.5890906551284655,0.07065260314210217,1.4546106236231275
TAK-733,0.8964893897334644,0.028563400752975626,9.021530812537152
SU9516,0.8729219858956094,0.03931354257057547,9.742317835979552
A66,0.8084405175972476,0.04750853330150629,4.16167331506122
Ibrutinib (PCI-32765),0.776482034514134,0.0496875942131074,3.093586321584856
Purvalanol A,0.8244726091578857,0.03966916559792861,5.562689712948371
GDC-0980 (RG7422),0.9267692246654591,0.01670793659796422,10.311190955098983
PH-797804,0.6219522224676679,0.03391674021250686,1.6760400057753408
Entrectinib (RXDX-101),0.7629326348656973,0.051128440546385774,3.7760869194189275
NVP-BVU972,0.5391924709629652,0.05617217134949104,1.330731624372994
BMS-345541,0.8204704731523632,0.0454450846440858,8.224279885025808
BYL719,0.8324067878547421,0.04325972774818622,4.740196949820411
Semaxanib (SU5416),0.7200997148263009,0.05486584265071718,3.8331475982108736
Tyrphostin 9,0.6777067195247707,0.04852366565258645,1.7223197563816672
Icotinib,0.6590084180643145,0.049534690735716154,3.0541769106292542
JNK-IN-8,0.8735410751919097,0.041890674001775846,7.814246565674203
PP2,0.7044938357941299,0.03494297800466054,3.604286758967112
CGI1746,0.7320448853419926,0.049633946696059715,2.758184498024765
Zotarolimus(ABT-578),0.7663543060327185,0.045308707709606905,3.56736630308497
TIC10 Analogue,0.5623303661576771,0.05358873704321995,1.7629820632819886
PF-543,0.8835049165608403,0.030261094294072685,15.84238236357597
Losmapimod (GW856553X),0.6210043424862903,0.03905506416386042,2.1905740699615412
TAK-632,0.7245118161654208,0.05534814344649646,5.701094335359712
Bay 11-7085,0.6491581969807338,0.0660849262394795,2.342282706091035
LDC000067,0.9140613498260921,0.027927932870763204,11.914004055318262
AZD5438,0.9542436719096996,0.017983961469356734,12.154991133114363
D 4476,0.6113717692971609,0.031777548727290314,1.8663008704860862
GSK2126458 (GSK458),0.9186999179331187,0.03494344251671417,9.316646549689203
AS-604850,0.5592492683760506,0.04051145386186982,1.6132191164235765
AMG319,0.7165613819159606,0.034831595466010716,2.3492611444467015
A-769662,0.6773128904349877,0.04205494175219816,2.0967670870664317
"Dacomitinib (PF299804, PF299)",0.818539748452516,0.05571626241627784,10.839915755883641
GSK2636771,0.643712438328281,0.06639807112120409,2.64165872476229
AZ 628,0.7682959048501683,0.041940081111754325,3.6225564059759083
3-Methyladenine,0.6566942119973656,0.05545434087186769,3.5534044811625503
ETP-46464,0.8156601464069924,0.04836510295358231,3.051737938922727
Tyrphostin AG 879,0.6323891067613324,0.0625988966768588,1.7411250978860058
Golvatinib (E7050),0.9397351623414171,0.02610014360881946,15.076531571955858
ZM 323881 HCl,0.5788057265659106,0.04661865550688364,1.63361950813991
SC-514,0.6469089122571149,0.04523704442139787,2.2578776160147225
VS-5584 (SB2343),0.8966945993379676,0.030240749873691537,8.327075524468187
PP1,0.5972423640208482,0.05364463860524684,2.529841236053712
IPA-3,0.6617280218998914,0.05544600085848598,1.8238082314642046
CGK 733,0.6299873106134037,0.06109415384735712,1.9461037741235387
GZD824,0.8737552796823559,0.07076796742417506,7.246835187085507
Ro3280,0.9076198935724262,0.027642601876401142,12.513353849470407
AZD9291,0.9343727911887502,0.03925526568712786,16.40073532183211
HS-173,0.9347894839357463,0.019454499134666053,14.546191758565307
Uprosertib (GSK2141795),0.8094059839795614,0.0527882436692704,5.570243632963767
PP121,0.9130383400967081,0.03169101227132642,9.991174174536399
PF-431396,0.8462932038680588,0.04451317137328979,12.622901036732776
WYE-125132 (WYE-132),0.8515676616568036,0.04159000134500257,7.077317094136293
CAY10505,0.557833287537117,0.04643521364093834,1.7370377027323363
SGI-7079,0.939728822376958,0.0145697759970486,13.49962811328364
CH5132799,0.7922936983923416,0.0503717739820991,3.9814346364532023
AG-1478 (Tyrphostin AG-1478),0.7150139097385801,0.1584488926699149,3.3642496762015424
PQ 401,0.6069101246098549,0.06524330583377748,2.9747168013499983
AMG-458,0.6271014246718476,0.08569786081837996,1.8390308566713327
Dinaciclib (SCH727965),0.9673237466581412,0.016714524091563297,18.58854760116257
ASP3026,0.6038158448280987,0.040199068056411776,1.468507962802111
Torin 2,0.9104555138558247,0.017443101280361216,7.003854996183717
IMD 0354,0.5805318202451196,0.036778709618518916,1.2066183287020626
ZM 306416,0.7884933515358902,0.031170302183767127,3.707071300438971
TDZD-8,0.6271049005246707,0.08727572240364245,2.214766107856628
CZC24832,0.5410440396111257,0.05160081198851008,1.5905799229346407
LY2090314,0.8879789927139896,0.03976309858168389,8.48943090094154
PF-3758309,0.9314383893011826,0.018289464283836588,15.950213759707376
WZ4003,0.6365963207328561,0.06820630527833459,1.938943505971334
GNE-0877,0.5933552065654891,0.0726992641287757,1.8355710875704385
DDR1-IN-1,0.6356559128442769,0.06760104590045032,1.3366508798980332
OSI-027,0.7822361897806298,0.04041634867381439,6.140056427431506
GSK2578215A,0.5502436788362963,0.061896120143502154,1.2970891762966263
A-674563,0.9738174679201137,0.013715065964053584,14.510966137616172
CHIR-124,0.9552320103328615,0.017798906785368045,12.911420355860951
"Ulixertinib (BVD-523, VRT752271)",0.8749770645809241,0.021892009878557318,6.208453383976735
KX2-391,0.9051241458972317,0.020578330469428786,13.171363864265057
BGT226 (NVP-BGT226),0.9972768799144383,0.0015122827228695017,14.081738328885567
Dovitinib (TKI-258) Dilactic Acid,0.8588339472929564,0.028534625515438082,20.30984327195355
AZD4547,0.7987663566926544,0.03417970067450288,4.579941792603927
TAE226 (NVP-TAE226),0.9133689088575766,0.018747676100619635,11.61728360718383
GNF-2,0.6301430905807653,0.0670870752717082,1.8222458170832858
TAK-715,0.6772566596812293,0.08944935555443043,4.046040135662561
Fingolimod (FTY720) HCl,0.6083336634219926,0.04549729415937407,2.502791196001125
IPI-145 (INK1197),0.6460211823784571,0.05880643725283506,2.9932668771832156
MK-8745,0.8641559090043733,0.040010991853858695,13.201975642892512
VE-822,0.8060715683297675,0.07405576425436998,10.974792444400642
10058-F4,0.5934259992533357,0.05193095294915181,2.7034239508066014
CNX-774,0.67555934244428,0.058909771307699886,3.133317220060016
HTH-01-015,0.8566334068486208,0.03272672462862247,14.705190090380908
GNE-9605,0.6942242290124085,0.056712044746318,3.0973059369789335
JNK Inhibitor IX,0.8993115588247862,0.03898038302768556,15.169312429387423
Fostamatinib (R788),0.8956474213058818,0.026758573172327087,11.380654002354357
AZD6738,0.9145713938130136,0.024225939723668294,13.00831446118793
AS-252424,0.5615562246164141,0.044217469856123105,1.7494345588052307
LJH685,0.5688910465698704,0.08102969285788673,1.0605329526883045
GSK1838705A,0.8884908326313168,0.027817160419002437,10.176882575416176
Crenolanib (CP-868596),0.8826187377634994,0.034076620157455044,12.878558825749028
SMI-4a,0.5835325795754014,0.07945823713113485,2.1149687779455957
Milciclib (PHA-848125),0.962897327887539,0.01870281738610886,18.6314685878009
MK-5108 (VX-689),0.9059557292463767,0.029805959179631043,18.004157962110266
P276-00,0.9584737506364513,0.018823661754851662,17.070445143705317
Tideglusib,0.6413015356195303,0.09842519090829313,3.230508074229823
GW5074,0.6555386125618419,0.08885196468409366,3.6518171714909307
Pazopanib,0.7317159363501013,0.055591961523974734,3.300179477820833
VX-702,0.6193093092128336,0.05484498452392162,3.0332846383992136
Tepotinib (EMD 1214063),0.9355312652880787,0.016278208066047038,17.761450090978066
AZD1208,0.6950940591751394,0.08004711772086927,2.8275351608679906
LY2835219,0.8226870935315876,0.05817388503643987,6.92391874324138
CNX-2006,0.8850326418041451,0.0543157984162471,10.52257311824629
EHop-016,0.6094074520817974,0.05704246223402615,2.6518376027144983
Sorafenib,0.6658590246918413,0.07356232627266872,3.6342746959290317
XMD8-92,0.781589569594429,0.041405543528048615,5.773913894142407
Taselisib__1.0,0.7833386534121437,0.03707575680608449,5.118361920802398
Defactinib__0.0016,0.6966898686780505,0.044759198988363544,2.313988275929828
YM155__0.04,0.687647005253429,0.05516947973217826,3.8571054529198845
Irinotecan mit 5-FU + Gefitinib__0.008,0.8556319920566621,0.036460775732317444,7.260278165519826
Volasertib__0.04,0.9072153239390109,0.03645242699584709,14.680439109162311
Gemcitabine__0.04,0.8918505090839091,0.05220731779419263,7.904638084782082
Bexaroten__0.04,0.6991311183121656,0.06102594031055529,2.7238625042666857
Dasatinib__0.008,0.8627379363104352,0.038716221851846325,7.3440942365574005
Staurosporine_500nM,0.9674509274373813,0.007347220870520733,7.7485423725115075
Palbociclib__0.0016,0.703691671195007,0.05356234188643283,2.2123033994095898
Vinblastin__0.0016,0.7884784118034532,0.041966603789481485,5.729553211230619
Vinblastin__0.2,0.9526815783983986,0.015343238154419783,11.772618926414596
Irinotecan mit 5-FU__0.0016,0.7807310310033201,0.043861880270593595,4.40940669517475
YM155__1.0,0.939081686939762,0.03935189817905447,15.270326025657472
Irinotecan / SN-38__0.2,0.9256402502182596,0.02179542585726084,11.36645059737186
Dabrafenib with Trametinib__0.04,0.8479558485241444,0.035003036495248024,5.864378865389874
AZD 4547__0.2,0.6322918808489408,0.06937791090208387,2.2143684507937427
Afatinib__0.008,0.8982535449781004,0.04055896730233416,8.824051913070441
ALISERTIB__0.008,0.7945804710342037,0.04566446316991157,8.772484169330598
lapatinib__0.04,0.5854239227454705,0.052116871664061724,1.8646492607495813
ruxolitinib__0.04,0.6742717193530268,0.031929897324311424,2.7901151627017304
Cabozantinib maleate__0.04,0.6947774758190828,0.0536284869476483,2.964787751678261
Panobinostat__0.008,0.7317027091222663,0.037255109352134365,3.1794839888128563
Idelalisib__0.2,0.723203939095898,0.039446814754610315,3.3949746580724667
Crizotinib__1.0,0.9606405961682674,0.015756260986831826,11.710580169612482
sonidegib__0.2,0.727245369721772,0.034525275820391665,3.266832803058148
Irinotecan / SN-38__0.04,0.9094982640930794,0.03737307106316425,9.994592769749788
Vorinostat__0.0016,0.8139115757114272,0.03734829921196677,4.198525776853329
Trifluoridin/Tipiracil__1.0,0.8536987565620571,0.06083324649745302,4.441252400067146
sonidegib__0.0016,0.7946851998333937,0.04607718319757829,5.657164624463494
AZD 5363__0.008,0.6898049753537688,0.08739695522012383,2.5495093205625112
LGK974__0.0016,0.6487096225848792,0.060606527481143535,3.1345953719575026
5-FU__0.008,0.8253239162680431,0.04094990914018498,3.419017501587262
Everolimus__0.2,0.7678152119638929,0.03953301367772351,4.000352422086128
AZD 4547__0.0016,0.5960954380718861,0.038378116944142664,1.7537487919500254
Oxaliplatin mit 5-FU + Gefitinib__0.04,0.8572616103896111,0.05764172163114596,4.435810257925441
Paclitaxel__0.04,0.9314886702545708,0.025839223316020878,11.818638482262584
PHENFORMIN__0.0016,0.6851812547611281,0.065070936589613,3.9210291240060395
pazopanib__0.2,0.7327436583094286,0.053157105381788604,3.101149844236727
Irinotecan mit 5-FU__1.0,0.9671399805990394,0.015573181251638429,8.74453373847386
Trametinib__1.0,0.9054589964732619,0.019941617357004275,7.174824871328996
Venetoclax__0.008,0.7936258980673958,0.046653867421322534,4.106209216776422
Docetaxel__0.04,0.9375404392191902,0.01755023112894931,12.963662659180095
Alpelisib__0.008,0.7056647427004028,0.06485329022245513,2.599315988846928
Trametinib__0.0016,0.6786302988357896,0.07109084401807167,3.0258663027870223
Taselisib__0.2,0.8035766154718145,0.030562197695676217,5.692610624105887
Irinotecan mit 5-FU + Gefitinib__0.04,0.9124771069714754,0.04177351624105333,9.110294997705074
Ponatinib__0.008,0.7001375806018424,0.055085512877543374,2.7317081117827615
Gemcitabine__0.0016,0.7147170886910581,0.04538029206844781,2.8875857945349526
5-FU__0.2,0.8624426520309779,0.034243866861024555,4.665233656623636
Etoposid__0.0016,0.6822181629138875,0.05742340002181328,3.134489770250168
Vorinostat__0.008,0.8058090169532871,0.023947743724460024,3.6935596974229394
Olaparib__0.2,0.7361204003833566,0.07835421106725339,2.8141237870922944
Everolimus__0.0016,0.6249569549776788,0.05149594313784914,1.5203241962354481
Bexaroten__0.008,0.7135796779876087,0.03593230042774326,3.5472443275707692
Venetoclax__0.04,0.6506015274075659,0.07028135628558554,2.1364149301006123
Docetaxel__1.0,0.9549082661340611,0.013603149852178472,14.618906718351148
PRI-724__0.0016,0.7220911565151151,0.0451982070622748,2.705282135126701
Erlotinib__0.0016,0.7058221416314397,0.05235683075326242,3.0472701316616946
Bortezomib__0.2,0.991971397907714,0.009779390760309493,13.447160956693807
GSK2636771__0.2,0.6579374592318983,0.04062832198894552,1.830990170530824
Methotrexate__0.0016,0.7312012586584682,0.040592744690709136,3.059598485836174
PHENFORMIN__0.04,0.613242722754859,0.05560868557956747,2.1759896580068134
5-FU__0.04,0.8625332643891515,0.05754168720823897,5.733838559332458
Defactinib__1.0,0.8402057100406604,0.029344182406621705,5.322007303135237
Venetoclax__0.0016,0.6325938299400907,0.04231296802382419,1.9707316402003185
GSK2636771__0.008,0.6675665633251895,0.03774762042183599,2.5058311739660297
Dasatinib__0.0016,0.7296143832067703,0.04502038959500178,4.4481588218742045
Olaparib__0.0016,0.6613037954965391,0.04056973821417132,2.1700495510497047
Dacarbazine__0.04,0.6263079907702358,0.07633884749828553,2.475888709250667
Erlotinib__0.008,0.7561914537581884,0.038818748551461627,3.330553581586968
Cabozantinib maleate__0.0016,0.7007004242473901,0.03864831031759027,2.9395210479214415
Regorafenib__0.04,0.6850625870920762,0.05068947633917199,2.8442967918421904
Idelalisib__0.008,0.6867496003694066,0.07841314898798259,2.0282062960282072
Oxaliplatin mit 5-FU + Gefitinib__0.0016,0.7180690713713946,0.04864418988654619,2.258651618645591
Palbociclib__1.0,0.7750971323777958,0.04477305206684716,3.874347383240894
Bleomycin__0.008,0.6129178758660629,0.06423809191708088,2.53911599375681
Dabrafenib__0.2,0.6562237790455735,0.06076571371956683,2.2838333976162675
VX-702__0.2,0.7405497178486865,0.03366365862763935,2.772171842596984
MK-1775__0.04,0.884366545323215,0.03290694201705858,9.782523854473416
Regorafenib__0.0016,0.5627712394186691,0.050670005243551405,2.6150197137541182
Bleomycin__1.0,0.8043881913353644,0.08710288308714396,6.814491820936159
Sorafenib__0.0016,0.6030895707609121,0.0385992470526068,3.278754765942511
YM155__0.008,0.6779529202760621,0.05839633885877038,2.7547976086149233
Gefitinib__0.0016,0.7440111006882392,0.07050169042728216,3.3834187263117337
Sorafenib__0.008,0.6301306325115879,0.0835595991257433,2.465960743318643
Oxaliplatin mit 5-FU__0.04,0.8381548687972703,0.04088345199849513,5.662544776006721
Erlotinib__0.04,0.6230511706387831,0.062382787699864314,2.9439081064112154
Afatinib__0.2,0.9142168275708127,0.03681386447754506,8.93160414934463
Alpelisib__0.0016,0.681977625736834,0.05763453918040807,2.126008101237644
Taselisib__0.008,0.7232998083447698,0.05175077534137428,3.3732928524444787
YM155__0.2,0.9302071616548245,0.023578112571272312,13.681521126014845
Irinotecan mit 5-FU + Gefitinib__0.0016,0.6711793776375676,0.06299185167697956,2.5747421830534396
Oxaliplatin mit 5-FU + Gefitinib__0.2,0.8538417873965132,0.04620267335314288,3.972679765012254
Etoposid__0.04,0.9191853342875355,0.019198371731732854,7.981728089625752
Oxaliplatin__0.0016,0.6673169173740903,0.040621008906722086,2.2335246946693976
Etoposid__1.0,0.9091822341299226,0.046638216105887226,9.866275242028856
pazopanib__0.04,0.6839314248565962,0.03768029919372841,2.5977049131981493
Venetoclax__0.2,0.6240728732128932,0.046082531085280626,2.1377735215694442
Bexaroten__1.0,0.8030944240322739,0.030320262523319902,5.048912943123145
Afatinib__1.0,0.8500802279305123,0.02498563105005197,5.709174968112756
Birinapant__0.2,0.9651154238106535,0.01705837022139288,16.181062415112216
Afatinib__0.04,0.8642969144854566,0.025581468101105936,5.552334274348984
17AAG__0.0016,0.702538421235982,0.02923525092979631,2.88580690980742
MK-1775__0.0016,0.7101972206740486,0.04627364290789575,1.9787109839573702
Trametinib__0.008,0.8224745235393591,0.02957141425432439,4.480895229313907
Irinotecan / SN-38__1.0,0.9512710928851791,0.021380892538763446,13.84111681032953
Idelalisib__1.0,0.7624550028387767,0.041628648393754596,3.835940462271331
Bleomycin__0.2,0.739931321393163,0.052105341442532566,3.2291600924273434
Palbociclib__0.008,0.6731197293144578,0.056218445767816365,3.389015831658751
VX-702__1.0,0.8487816439587587,0.04023232885982858,6.020538117651434
Etoposid__0.008,0.6545477527932412,0.05800544593473972,2.063509268894449
Dasatinib__1.0,0.876183664396659,0.031005140114993026,9.57704450886319
Cabozantinib maleate__1.0,0.7607951062465338,0.03701429824957043,5.7647903977293655
Irinotecan / SN-38__0.008,0.9270748000293111,0.03413777770154686,10.05729495300311
Miglitol__0.008,0.6909727270915024,0.045680273204247945,2.5535890343165173
Paclitaxel__0.0016,0.7304759308722053,0.04727641560963887,3.4182544895838025
Gefitinib__0.04,0.6700088014927326,0.08202951563644678,3.8222089087090048
Gefitinib__1.0,0.8509622322001112,0.037273353262281504,6.4002171534005985
Doxorubicin__0.008,0.8829170763740899,0.03537524762104232,7.937814754675849
Axitinib__0.008,0.680580890146673,0.02964815964091813,2.901011771758178
ALISERTIB__0.04,0.9021260105934505,0.03501265192878691,13.377822526005076
Gefitinib__0.008,0.737839149954752,0.05538293596971896,3.646426311106038
Oxaliplatin__1.0,0.8707216400741666,0.030796854814580398,5.162477412589662
AZD 5363__0.04,0.7144087638459087,0.05315728784170367,3.2793281363386395
Dacarbazine__0.2,0.7292087238674969,0.04984940500624552,2.68519252074169
AZD 5363__0.0016,0.6766266659100973,0.05032102746218248,1.8349630288898038
Napabucasin__0.2,0.6777001330067692,0.041870932864742236,2.329836210510022
Nutlin3a__1.0,0.8938747773738507,0.03277759846799562,10.129058202141836
Panobinostat__0.04,0.8931072834506054,0.025333747921571934,7.703930844091823
Dabrafenib__0.04,0.6684592473472085,0.050854724452288134,2.0309788836583182
Palbociclib__0.2,0.8016695564798418,0.054232761388859775,4.3226423721047755
Idelalisib__0.0016,0.6890635235447118,0.047916085808438126,3.096475531425656
Bortezomib__1.0,0.9994652659695197,0.0004734901481612008,17.842676012886727
Napabucasin__1.0,0.8781916649594427,0.05228579706991513,21.34234278539968
Binimetinib__0.04,0.7737496415330176,0.057676762839583694,4.335158959795699
Afatinib__0.0016,0.7699607058559904,0.03742739191595043,4.287089281446116
Bortezomib__0.008,0.9612380229497962,0.023034544928546053,12.364434075839945
Dacarbazine__1.0,0.7720942940348637,0.05052472463844875,3.9870935703398747
Birinapant__0.008,0.8285439776195418,0.047091102607703064,9.598190940044553
MK-1775__0.008,0.662081611923739,0.06722817380431481,3.7809703147380698
lapatinib__1.0,0.5662183414462775,0.043285559145038094,1.7908656952229336
Sorafenib__0.04,0.6450005738663508,0.04837121120539054,1.8601241468027987
Regorafenib__0.008,0.6372885699862328,0.055045227077567045,2.146809967525197
Dasatinib__0.04,0.7929357698322361,0.07254100209401443,4.416133425066813
lapatinib__0.2,0.7285097013383498,0.06515406376593572,3.053751699911369
Olaparib__1.0,0.8195192292673757,0.039162269454696266,4.038341385107223
Vismodegib__0.04,0.673062896169564,0.0615551440206964,3.174844710639488
Doxorubicin__0.04,0.9210021550869447,0.029073621809695947,13.236449658472635
Dabrafenib__1.0,0.6827580041144026,0.029462575647576483,2.9414388537998075
Crizotinib__0.2,0.6515751878121104,0.07807948809353138,7.301029131200463
Venetoclax__1.0,0.7156096328312385,0.05599227516391668,2.3838594210256905
pazopanib__0.0016,0.675622840453378,0.051428575364318,2.995023497204809
Nutlin3a__0.04,0.677395123935906,0.05601676822470663,2.5166322280196103
Docetaxel__0.2,0.9331930840975785,0.02486492711263059,14.470573737135853
MK-8776/ SCH900776__0.008,0.7086225687829781,0.06291742437429046,3.1794479563822367
PHENFORMIN__0.008,0.5939091456050738,0.06391574218855076,1.926223157065301
Sunitinib__0.0016,0.6969658314626294,0.048624079292485016,2.789269118403133
PRI-724__1.0,0.8674464087665917,0.053332972306310386,8.181097522173998
LGK974__1.0,0.8139886173424262,0.03765658543866465,4.0242360215066295
Sunitinib__0.04,0.6586424575032896,0.038744843471106065,3.4499394688919844
Doxorubicin__0.0016,0.7465390380514288,0.0423964272912929,3.1964768660268685
Methotrexate__0.008,0.8335463350809583,0.04239950818906869,5.096284915219729
Cabozantinib maleate__0.2,0.7137890889820679,0.032678679045511944,2.032346139775621
Docetaxel__0.0016,0.8968411928884104,0.03352388800251114,7.355373237382232
Birinapant__0.04,0.9406566880339794,0.024573385972216734,14.223693377562153
Paclitaxel__0.2,0.9487312618766512,0.02656503944648549,15.36980064348575
pazopanib__0.008,0.6322882008133952,0.060485561132365744,1.74128772991992
Dabrafenib__0.008,0.6042041693233399,0.04892542062221312,2.0734559330208335
Mitomycin C__0.008,0.7159900894589322,0.04440530626144506,3.5975045846848848
Mitomycin C__0.0016,0.7751634362962813,0.03558207987333667,4.00928752460572
Doxorubicin__1.0,0.9836658080731926,0.012672486726558409,16.099071555335378
Paclitaxel__0.008,0.8443736011930868,0.03486856221626366,9.980105224055688
GSK2636771__0.0016,0.7266689369146625,0.03581077154488148,2.3962160907234757
ruxolitinib__0.0016,0.692260056187511,0.07951276504827452,3.047527397604051
Olaparib__0.008,0.6372370201834892,0.07841171259281003,1.7036155235532384
MK-8776/ SCH900776__0.04,0.6636595536982579,0.050444088876398174,2.1315753958258004
Fludarabine__1.0,0.6880018295565873,0.048191883732517204,2.618366998964813
VX-702__0.04,0.686838166665058,0.04581526813571688,3.433153205293037
Miglitol__0.04,0.5996088550851714,0.07090068219334159,1.5619357570776333
Mitomycin C__0.04,0.9163462934550225,0.03743151977927846,7.062075617685046
Dabrafenib with Trametinib__0.2,0.8983549811107434,0.022674580070794016,6.998363054293913
Birinapant__1.0,0.9371885140387628,0.025227918682701054,12.66107439432374
Dabrafenib with Trametinib__1.0,0.8503723757592798,0.030153970092138233,5.0974271487050204
Regorafenib__1.0,0.8286460717622184,0.04525451074822027,6.6206524904974655
Trifluoridin/Tipiracil__0.04,0.8367576872978205,0.024192581347846548,5.209765408009004
Napabucasin__0.0016,0.6532538889201268,0.04336545872121537,1.5631321840961994
Oxaliplatin mit 5-FU + Gefitinib__1.0,0.9511618572927671,0.01434043523565823,5.3661023078801104
Irinotecan mit 5-FU + Gefitinib__0.2,0.858824494612653,0.047305646923184674,6.773176416887074
Volasertib__0.0016,0.9309856108313828,0.017427368106983764,11.647306524533315
17AAG__1.0,0.8695056172707162,0.039696810168249365,6.887865984175743
Axitinib__1.0,0.7871182183032409,0.04244720812072853,8.999661700777189
Miglitol__0.0016,0.6055517127375425,0.05448210025124158,2.357586655724276
Crizotinib__0.0016,0.6122821888328317,0.07364066385587187,2.2663511564090344
Cabozantinib maleate__0.008,0.560451515466351,0.03546151009380917,1.4956768482137264
Ponatinib__0.0016,0.6908132863530664,0.039916845769183563,2.8847363595171736
AZD 4547__1.0,0.7871647641459241,0.05557464030981716,5.768543566821021
Sorafenib__0.2,0.7408737995210732,0.03621476695332598,2.6930820661086887
Sorafenib__1.0,0.9658862000225605,0.011429815316090938,7.552567777346212
Fludarabine__0.2,0.6552156791661489,0.06460005480485753,3.894396612841738
ruxolitinib__0.008,0.7370359389822337,0.03240526741397964,3.8285276318552377
Mitomycin C__1.0,0.9623883629757461,0.0324922652234531,12.997526602937468
Fludarabine__0.0016,0.6156083787397905,0.062212317747436054,1.3188991393017435
Sunitinib__0.2,0.7909458937667775,0.06997937295524112,5.307063312699972
ALISERTIB__0.2,0.9183551611915444,0.0358292994558395,12.66198638464911
Oxaliplatin mit 5-FU__0.0016,0.717114908345812,0.028530715865470676,3.2193132441703907
Miglitol__0.2,0.6359860726231051,0.05676660394818792,2.7501408673573593
Defactinib__0.2,0.7139292656755754,0.06248182458520612,3.126275520425847
PRI-724__0.2,0.560035368687577,0.05084646241404421,2.223009141618844
5-FU__1.0,0.9592283321565231,0.016573735849122934,6.37103695554803
ALISERTIB__1.0,0.8930401929704302,0.03535130336074758,13.368502759844032
Panobinostat__0.2,0.9827435172395231,0.019969797287538588,15.587309070671404
Fludarabine__0.008,0.6083765244166544,0.04070180198682323,1.485996552375401
AZD 5363__1.0,0.7030093677310023,0.04671078786776086,4.133546236457365
Oxaliplatin__0.008,0.661818205341526,0.04011207118196605,2.015726274957461
Erlotinib__0.2,0.7473236212049968,0.06138327681283977,5.247319469060697
Regorafenib__0.2,0.5931819939204912,0.05594746756354005,1.3312558506272123
MK-8776/ SCH900776__0.0016,0.7500000381703759,0.06329280494209424,2.818230194166002
Trifluoridin/Tipiracil__0.008,0.6953979920989051,0.044331227742453745,1.9346322688676665
17AAG__0.008,0.6869393564966504,0.06381955958708205,2.370098368782861
Gefitinib__0.2,0.7764543476537626,0.05333099501770781,4.80778197091284
Binimetinib__0.2,0.7384585996459085,0.05531065836701555,5.865465596393592
PRI-724__0.008,0.6657360377555239,0.0507847897143777,2.685596511748704
sonidegib__0.04,0.6689394994590315,0.05173338778198403,1.7874155110980279
Bleomycin__0.04,0.6518069064446471,0.05908886501628042,1.9169653427982714
5-FU__0.0016,0.7039339544099136,0.04937681688934619,3.0928016790156985
Bortezomib__0.04,0.9819063527436238,0.024409557006937387,13.351310604811117
Palbociclib__0.04,0.669250065869481,0.0552188471256855,4.167099396948738
Nutlin3a__0.2,0.7178249440458656,0.05045143746814554,3.338550129154481
17AAG__0.2,0.8287813354522298,0.04206842810314515,6.705806502428334
MK-8776/ SCH900776__1.0,0.7606963974155669,0.03850532666998698,3.986038858253646
Bexaroten__0.0016,0.6321884957405398,0.07109990787903457,2.121227385134447
Vismodegib__0.0016,0.6443071411408428,0.07542846296354618,2.396693489973036
MK-8776/ SCH900776__0.2,0.5751226712026248,0.06293385142900197,1.6638856484634634
Nutlin3a__0.0016,0.6129130886089476,0.07063589847559908,1.4078603021162839
Volasertib__0.2,0.9570079853584735,0.01841727373665575,13.523587731817232
Vismodegib__0.008,0.658884439614363,0.0669732203135732,2.4310048049226842
Vorinostat__1.0,0.9769535085160198,0.0389377595207943,13.92811667650352
PHENFORMIN__0.2,0.8203371647332304,0.02476299667936122,3.0894183571366094
Oxaliplatin mit 5-FU__1.0,0.92890156642379,0.03800649394145853,5.848365860675781
Alpelisib__0.2,0.7523459179558578,0.054465774491079554,2.8814381156856745
Vinblastin__1.0,0.9529499015559406,0.013101358458558792,10.288260524764896
pazopanib__1.0,0.7551655486653929,0.05517856069432717,4.522851778653579
Everolimus__1.0,0.7428113347908144,0.033348999931756954,3.778094375667893
Everolimus__0.008,0.6170870518094707,0.04714938289303843,2.0252885625000046
Ponatinib__1.0,0.6765174461268144,0.04605588615393715,3.0693172327164224
Sunitinib__1.0,0.8956713171709978,0.03216684626381642,15.804233449366881
Crizotinib__0.008,0.6046585336022584,0.05714320342583908,1.4398092998259073
Oxaliplatin mit 5-FU__0.2,0.7667813886126545,0.04004048216848778,3.7999238615261604
MK-1775__0.2,0.9162928051405874,0.05172384074373257,12.701591471586614
Axitinib__0.0016,0.6896594431590615,0.04162029617135479,2.3907817516093406
YM155__0.0016,0.6234032324775974,0.03572551045684014,1.2904986641278224
Erlotinib__1.0,0.9161275360584206,0.021120346659715978,7.134468030038521
lapatinib__0.0016,0.6256052763619043,0.07911221784250938,3.0692159769891187
Mitomycin C__0.2,0.9145317511112626,0.041383113327763225,8.176164797962848
Dabrafenib__0.0016,0.5834376999666595,0.07508372330657553,1.5245314995064758
Methotrexate__1.0,0.8934791366557138,0.03851594297424789,5.79351574641346
Ponatinib__0.2,0.7106952165505565,0.03481861817267758,4.170596360843078
Gemcitabine__1.0,0.8703839393719383,0.03943053307026762,6.476647432594906
Docetaxel__0.008,0.9126827538269969,0.03262675225009627,10.931685679474189
Oxaliplatin mit 5-FU + Gefitinib__0.008,0.7750680509048586,0.043805843042032604,4.42063296716257
Taselisib__0.0016,0.6992296374248473,0.05335795695628226,2.6192902566075738
LGK974__0.04,0.5870851156808993,0.050557980692293045,2.4519184853134846
Vinblastin__0.04,0.9324425986469596,0.03408116664434787,12.724866758715782
Crizotinib__0.04,0.5680392265554034,0.034288877783849654,1.8532080343901545
Vorinostat__0.2,0.9825453286157859,0.024262706932475852,14.577145688053214
AZD 4547__0.008,0.6851554224041593,0.042782425178431026,1.6575799504889401
PRI-724__0.04,0.6279644914941662,0.04085127593709021,3.0307449161081603
Binimetinib__0.008,0.6579587621724041,0.05384280552816716,2.454832473513128
Irinotecan mit 5-FU__0.04,0.907589645477402,0.04048624043028407,7.508528865994836
ruxolitinib__1.0,0.7893398484648638,0.03413565105715513,4.587584554102552
Irinotecan mit 5-FU__0.008,0.8783268271397165,0.02965628453240919,6.813236522697602
ALISERTIB__0.0016,0.5732473790741378,0.04551166497057096,1.2544791755525917
Defactinib__0.008,0.6235171417773661,0.06327764087432791,1.91438078025047
Irinotecan mit 5-FU + Gefitinib__1.0,0.937762109000597,0.0457780134925427,8.609510235873378
Dasatinib__0.2,0.84849299353908,0.03946842409156793,7.709682328327407
lapatinib__0.008,0.9369144631746835,0.03060138086365585,13.801223004635009
Everolimus__0.04,0.9041584059878807,0.044145079040634035,10.088092429880112
AZD 4547__0.04,0.6255061872470281,0.05744911349371003,1.522238097118735
sonidegib__0.008,0.697381610048301,0.07381482030590224,3.4426836975397572
Vinblastin__0.008,0.9502042858565547,0.029128459300132154,10.230076135412231
Sunitinib__0.008,0.7339774938576273,0.04262652995921347,2.9452276096516385
Irinotecan mit 5-FU__0.2,0.883730987918846,0.04665067434963183,6.575469431954536
Dacarbazine__0.0016,0.6800126320999687,0.04939491673454047,2.3216983045385806
Olaparib__0.04,0.7027176461593128,0.06810944610000691,3.02788230912378
Nutlin3a__0.008,0.7054177740461873,0.03777711025181299,3.338427392420031
VX-702__0.008,0.6750010775155066,0.044468109312303564,3.068630901360322
Oxaliplatin__0.2,0.6987983190399889,0.039723887108835614,2.651904555332697
Dabrafenib with Trametinib__0.0016,0.6613306001082783,0.06131300872038908,1.7063038277639997
PHENFORMIN__1.0,0.9320683318972707,0.027310948686428853,6.286720708454801
Axitinib__0.04,0.598895181903203,0.04421873451249861,2.741132797590947
Vismodegib__0.2,0.6284765539442846,0.052239621086341385,2.090494632251507
Paclitaxel__1.0,0.920311818601907,0.02736167900204637,12.875324752593949
Axitinib__0.2,0.7594274844567391,0.039710574040873595,5.976226095384813
Volasertib__0.008,0.9231429548922859,0.01515175801284737,14.037014668578543
Alpelisib__1.0,0.6966187696014567,0.06731630872697834,3.0176685791769544
Gemcitabine__0.008,0.7804331673399272,0.05170364534215884,5.709947433469385
LGK974__0.2,0.7325070179442088,0.045728015447293664,2.5523306323728723
Vismodegib__1.0,0.7820292964369407,0.05746180498670114,7.353056229414681
AZD 5363__0.2,0.6417001387774894,0.09326718843807573,3.3961615512141803
Defactinib__0.04,0.8943609984220371,0.03903992940458556,13.557404747786329
Idelalisib__0.04,0.6330895380327921,0.046714472727081735,1.8070347058862457
LGK974__0.008,0.6917970484105335,0.05761319811650449,2.823832888244282
Alpelisib__0.04,0.5877607183636375,0.055064714856929896,1.696291210014756
Napabucasin__0.04,0.6878458861598853,0.03491471032657348,2.333616714869656
ruxolitinib__0.2,0.6963643925950506,0.04826947651952903,3.725104311289478
Oxaliplatin mit 5-FU__0.008,0.8457617118242082,0.044181754873887646,4.4993212828892295
Oxaliplatin__0.04,0.6837544611435341,0.04832246634083936,2.2091076445380593
Ponatinib__0.04,0.6414311585178238,0.03758909306076773,1.6536314159610963
Fludarabine__0.04,0.6013488379499702,0.0690959584365827,1.7808609026775057
Birinapant__0.0016,0.6621668488591098,0.03548236141190494,4.84844876452562
MK-1775__1.0,0.9454437477754667,0.020679345457814306,15.233956243292877
Methotrexate__0.04,0.8715229088523598,0.03287190792346862,5.70724538547281
17AAG__0.04,0.8824082227835521,0.032658470498366524,6.634910841866694
Etoposid__0.2,0.9055353007920921,0.03804342145507476,9.395125486496932
GSK2636771__0.04,0.6678110333208235,0.07938457956349991,2.0720105231466226
Binimetinib__0.0016,0.6222037445315293,0.06125501945041654,1.7423137620572755
Binimetinib__1.0,0.8715132606296605,0.01971858316802069,6.753036026158727
Dabrafenib with Trametinib__0.008,0.6344420806359361,0.05116197903269467,2.9237045049432626
Volasertib__1.0,0.9811398993507343,0.028043466034330677,24.309604960311926
sonidegib__1.0,0.6512459487478262,0.05582369013511694,1.9415131504890926
Panobinostat__0.0016,0.6055976072968995,0.0531477850305167,1.9461221115112233
Dacarbazine__0.008,0.6196217533760089,0.052710334109989876,2.2221548710732426
Trifluoridin/Tipiracil__0.0016,0.613086328061655,0.04395836845939962,3.100425358234963
Bortezomib__0.0016,0.7989613524197839,0.04618641969138352,4.477055240633489
Vorinostat__0.04,0.8748787293934084,0.03792314561792848,5.902250300599257
Trametinib__0.2,0.8315253205413967,0.045030354391275784,7.07381995923237
Bexaroten__0.2,0.7253187229952638,0.046693550201246034,2.6758142636991886
Taselisib__0.04,0.7510748693966127,0.056311492340484694,4.719019106961538
Doxorubicin__0.2,0.9837833493089667,0.014687205463859996,17.424216581807183
Gemcitabine__0.2,0.8666330496762568,0.05767224237096014,8.40485678695386
Irinotecan / SN-38__0.0016,0.9239592317228424,0.041737223617530766,9.869086456833124
VX-702__0.0016,0.6262467967766258,0.0776667002564583,2.3124836093850343
Methotrexate__0.2,0.8577799090023305,0.03616777270486557,7.325423671323024
Miglitol__1.0,0.8717334104311973,0.022670029074308772,7.393000130020358
Trifluoridin/Tipiracil__0.2,0.8084870201082804,0.07925942560254803,4.608012745371393
Panobinostat__1.0,0.9856296787130863,0.03326800002206067,12.910716773853236
Bleomycin__0.0016,0.6133225558414074,0.06097285275617704,2.2619644718953342
Napabucasin__0.008,0.5737022892037996,0.047592255100794865,1.4752862003862572
GSK2636771__1.0,0.6518037859431762,0.06725341190878126,4.55310763471499
Trametinib__0.04,0.7417401280603422,0.06696856212022408,4.181041300399866
