,AUC_Mean,AUC_Std,Distance,PValue
Linifanib (ABT-869),0.8502061267942947,0.04666291819722473,5.0401828191923,0.000999000999000999
Y-27632 2HCl,0.6421411889056967,0.01871426067072544,2.2024015622286637,0.000999000999000999
Cediranib (AZD2171),0.5848479407822598,0.07714847633738622,2.81872738984429,0.017982017982017984
Avagacestat (BMS-708163),0.6034632407762095,0.04315663024486235,1.338705286330074,0.000999000999000999
Motesanib Diphosphate (AMG-706),0.6796237322387788,0.0532073620334234,3.319691704080021,0.000999000999000999
TWS119,0.6426124244904978,0.028993865914659384,3.1176714302995188,0.000999000999000999
Sunitinib Malate,0.6209085253604412,0.05753507927327726,1.7263266053988744,0.000999000999000999
AZ 960,0.9832873451272686,0.006820133361396024,22.917684619869927,0.000999000999000999
SL-327,0.7394370053667437,0.03059606302507378,3.3011501432640102,0.000999000999000999
MK-0752,0.619236047487129,0.05390903902195367,1.044966419369165,0.000999000999000999
SU11274,0.7364354783870228,0.06061527374510497,4.197184723758498,0.000999000999000999
CHIR-98014,0.8991487835009071,0.014138154804811611,12.35613509269343,0.000999000999000999
Vatalanib (PTK787) 2HCl,0.6426518027059736,0.05056884948920106,2.117562628514474,0.000999000999000999
WHI-P154,0.6601674578899115,0.03516962822332556,2.7814344006522407,0.000999000999000999
Foretinib (GSK1363089),0.844213466143767,0.036873526747581264,15.76967946405741,0.000999000999000999
IWR-1-endo,0.6334625931878789,0.033087898148225124,2.021367579976789,0.000999000999000999
AT9283,0.9931523172922784,0.002515741627858212,26.37274154836926,0.000999000999000999
BIO,0.7076477454351929,0.026921730890897787,3.3308127927507685,0.000999000999000999
Lenvatinib (E7080),0.6679252529335933,0.079736240734246,3.3982542353242433,0.000999000999000999
K02288,0.6224717478742405,0.044654104524959,2.194768037998939,0.000999000999000999
WZ8040,0.6350088040830878,0.06220002635557644,1.8056810099316198,0.000999000999000999
Filgotinib (GLPG0634),0.5662764783958428,0.027001614761047284,1.415747321830846,0.001998001998001998
DMSO,0.5049234797559388,0.0028088303179043816,0.0,0.12187812187812187
AG-1024,0.7927285529360818,0.04405228226717004,4.943406492811981,0.000999000999000999
GNF-5,0.790185135809199,0.02530038162307206,5.608603186633493,0.000999000999000999
BX-912,0.8510963448505949,0.038498562776217486,12.770391887913092,0.000999000999000999
Aurora A Inhibitor I,0.7402962531037577,0.06106531510032618,4.868493759889074,0.000999000999000999
VX-11e,0.8930570310862954,0.03844267708897035,7.638946743081338,0.000999000999000999
Pimasertib (AS-703026),0.9793200768689786,0.014153274385764258,17.33993747376965,0.000999000999000999
Quizartinib (AC220),0.8860134926926501,0.03662438049871564,8.271282315887573,0.000999000999000999
LJI308,0.6749565588787048,0.056307381922399306,1.8290083960037822,0.000999000999000999
PHT-427,0.6244356929029433,0.06326387187600344,1.849049287939577,0.000999000999000999
BIRB 796 (Doramapimod),0.5691680412165032,0.04736643317342381,1.5405439527804083,0.0979020979020979
VE-821,0.599453332427571,0.04670044779019597,1.4198290031148606,0.001998001998001998
AZD8330,0.9766771119711095,0.024760947635879545,14.82397065305881,0.000999000999000999
GSK461364,0.9791066289472458,0.014674147437854695,19.136342970873528,0.000999000999000999
BMS-582949,0.6406500953921744,0.06147245203822545,2.232609559915935,0.000999000999000999
Mubritinib (TAK 165),0.946815050620723,0.020063780921603724,12.65998914482936,0.000999000999000999
Volasertib (BI 6727),0.6826579542334976,0.07363158671407649,3.0644568029731807,0.000999000999000999
Axitinib,0.644481189260069,0.052594016186747326,2.2521565705898525,0.000999000999000999
Enzastaurin (LY317615),0.8206565851377874,0.04092909633479101,8.137416988992392,0.000999000999000999
"Dovitinib (TKI-258, CHIR-258)",0.8488586500521664,0.03520256129664946,5.037041414092148,0.000999000999000999
Ruxolitinib (INCB018424),0.7103876724685285,0.04121946295967173,3.4024343254740383,0.000999000999000999
Nilotinib (AMN-107),0.666797953977057,0.05861590204946187,2.171568164681036,0.000999000999000999
Semagacestat (LY450139),0.6161520894630312,0.04659135913006935,1.7820024538952113,0.000999000999000999
"Temsirolimus (CCI-779, NSC 683864)",0.6967146448686696,0.04946442442392765,3.3545845113171304,0.000999000999000999
DAPT (GSI-IX),0.6725865021244033,0.024909629462289442,2.270955961989007,0.000999000999000999
Crizotinib (PF-02341066),0.9735822822556891,0.02368177681623327,21.092778165373296,0.000999000999000999
ICG-001,0.6136441196298292,0.033621660902622696,1.5490230416040955,0.000999000999000999
Brivanib (BMS-540215),0.7480456321039967,0.051906371791688485,3.374601695463791,0.000999000999000999
GW788388,0.5878592992682502,0.0741177706781486,1.6500267023440902,0.000999000999000999
U0126-EtOH,0.7494734605680649,0.03455155717903586,3.617986675314349,0.000999000999000999
S-Ruxolitinib (INCB018424),0.5601855636972469,0.047573289729185037,1.0499305564713897,0.003996003996003996
GSK690693,0.667797343745197,0.06172466343424591,1.8524912332610532,0.000999000999000999
SANT-1,0.7405038770216316,0.03413745981194525,3.382821418930456,0.000999000999000999
Brivanib Alaninate (BMS-582664),0.560981211559772,0.04093922407877434,1.0374826109816269,0.16183816183816183
Ro 31-8220 Mesylate,0.8837377150858421,0.01789181006887518,6.879082978294448,0.000999000999000999
CP-724714,0.736614004604745,0.028341125324075064,3.0451861905759965,0.000999000999000999
AR-A014418,0.750418566975092,0.024734827626918816,2.667116832542519,0.000999000999000999
ENMD-2076,0.9717294782593257,0.025912299514483227,18.370097438045505,0.000999000999000999
STA-21,0.603232418685229,0.0449722688644321,1.7043471138070911,0.000999000999000999
Amuvatinib (MP-470),0.7811688766785803,0.05177824987239616,4.550736392189113,0.000999000999000999
GNE-7915,0.7213636669126084,0.0443632676258371,3.601677650685199,0.000999000999000999
Genistein,0.5833450444354343,0.06430669896015202,2.020816237883345,0.04195804195804196
PHA-680632,0.782472387824748,0.04414772783703732,6.126449147766416,0.000999000999000999
FIIN-2,0.6001694380878105,0.07829350340863664,2.046230532013675,0.004995004995004995
HMN-214,0.9667364182460509,0.01751443435479859,20.42445684621184,0.000999000999000999
Hesperadin,0.9911269940687552,0.015673934253867258,19.720800264230355,0.000999000999000999
ONO-4059,0.6360115874821834,0.04598699849324628,2.2406323255408283,0.000999000999000999
KRN 633,0.8048588366089151,0.05741512019689513,4.896399613549046,0.000999000999000999
Tie2 kinase inhibitor,0.8049668773818786,0.042824096845927695,4.860227405212562,0.000999000999000999
AG-18,0.6977149074051597,0.04533136412375356,2.477357098422173,0.000999000999000999
KW-2449,0.9882373191892487,0.010170792148859896,20.68308969506121,0.000999000999000999
R406,0.6544979397202235,0.05770402420126193,2.68615089235283,0.000999000999000999
AMG 337,0.5763973180627779,0.06757227835928702,1.604074262072948,0.04195804195804196
PP242,0.9440955306888968,0.02918346437456497,6.009586134352054,0.000999000999000999
Palomid 529 (P529),0.7301907219554687,0.06859920469146316,3.318518201636432,0.000999000999000999
Saracatinib (AZD0530),0.8786427855516686,0.04281200346475677,5.7408985665782,0.000999000999000999
SB431542,0.6177776562364715,0.04274653832112396,0.9530590203972003,0.000999000999000999
PD184352 (CI-1040),0.8097841155103922,0.024450367222161595,3.93897940757047,0.000999000999000999
Thiazovivin,0.7435574438562195,0.03058850435803455,3.4102829108307113,0.000999000999000999
NVP-AEW541,0.9443450943381506,0.02556212652881752,12.56245415909294,0.000999000999000999
Theophylline,0.6031646839379561,0.045384609953155484,2.0742351046508256,0.000999000999000999
"VX-680 (Tozasertib, MK-0457)",0.9609492865051313,0.02907031963787822,21.284690715685578,0.000999000999000999
CYT387,0.6649073501741721,0.030027059348400716,2.5602835532218995,0.000999000999000999
PHA-665752,0.7644304576954382,0.05550377990803309,4.7797513756693375,0.000999000999000999
NVP-BSK805 2HCl,0.7725444395403509,0.04927287177777935,5.351467409628744,0.000999000999000999
"Refametinib (RDEA119, Bay 86-9766)",0.9695199657641236,0.025547970803367147,13.514357634074413,0.000999000999000999
PF-5274857,0.5874544553365354,0.04416592228426732,1.1943232287831418,0.000999000999000999
ZM 447439,0.7155577018860528,0.05156799634036589,3.5009108814041054,0.000999000999000999
Pirfenidone,0.6899263133165615,0.04697186867707345,2.782789144752358,0.000999000999000999
JNJ-38877605,0.558923590134514,0.05965609637407287,1.6581001270514246,0.3256743256743257
KY02111,0.6576890459837952,0.04571648902984993,3.0370830290761117,0.000999000999000999
AG-490 (Tyrphostin B42),0.5326150915307488,0.031799302929264035,1.3764406131983165,0.3826173826173826
GF109203X,0.8432495602289348,0.02851403628588579,5.191911328561493,0.000999000999000999
TGX-221,0.7644020500755666,0.071973572213326,4.3705533331730075,0.000999000999000999
FH535,0.8977720700187005,0.019846292713736037,8.819456875306951,0.000999000999000999
CUDC-101,0.9713975602029175,0.021878788365055184,20.182681390174107,0.000999000999000999
ZM 39923 HCl,0.5941526344055137,0.03214935096358231,1.4144719112717887,0.000999000999000999
JNJ-7706621,0.9779861784281643,0.022885328508252645,20.704708031508225,0.000999000999000999
Decernotinib (VX-509),0.6695085562124959,0.04485954708060925,2.239651820302398,0.000999000999000999
TG100-115,0.6225763318871653,0.03347165716989176,3.2778329310582537,0.000999000999000999
VX-745,0.6251000939208247,0.09314229228279403,2.3956557808288053,0.000999000999000999
Bikinin,0.5789061644674349,0.06997695300822612,1.1996845027966772,0.04495504495504495
AEE788 (NVP-AEE788),0.8323683992874511,0.03650669259887041,7.023878951414061,0.000999000999000999
BIX 02188,0.6193669951550405,0.054302226529832326,0.8674977158761163,0.000999000999000999
CC-223,0.934709004310457,0.04000596934439489,9.888257565365482,0.000999000999000999
AT7867,0.7832958875150833,0.048958696324146206,4.7426676885536745,0.000999000999000999
H 89 2HCl,0.6806168032644425,0.049509839856830884,1.8235734293886858,0.000999000999000999
CEP-32496,0.7059138302129434,0.06295160014559281,3.252111878399222,0.000999000999000999
RAF265 (CHIR-265),0.9938088745595909,0.010364887056362739,16.733829847240692,0.000999000999000999
SGI-1776 free base,0.6537251154451209,0.03345874659967133,2.8941755973617638,0.000999000999000999
Oclacitinib,0.6335222704631389,0.03381435262867506,2.2451769501313676,0.000999000999000999
Degrasyn (WP1130),0.6958738764948064,0.0552203685072147,1.7578481512100703,0.000999000999000999
Selumetinib (AZD6244),0.9210928275143482,0.03763131517621241,8.504031394880199,0.000999000999000999
SB216763,0.6554823632473956,0.026737961675614614,2.979466875513805,0.000999000999000999
Dasatinib,0.8794531171448178,0.0315639856884924,7.801509847914213,0.000999000999000999
GSK429286A,0.6997722358442493,0.04133860047927267,3.0365368047370978,0.000999000999000999
Pazopanib HCl,0.7387884225673186,0.07392528278597003,4.7548181945916355,0.000999000999000999
"LDE225 (NVP-LDE225,Erismodegib)",0.545244663825715,0.030733653319675966,0.9729100500122538,0.12887112887112886
LY2157299,0.6622032752080103,0.028034081744862088,3.679562562239317,0.000999000999000999
ZSTK474,0.8357809800084111,0.04841377397056888,4.935302204502324,0.000999000999000999
TG101209,0.9851397865734812,0.003323249457678776,19.844491375903218,0.000999000999000999
OSI-906 (Linsitinib),0.870102562031167,0.03289378795376667,5.296119156250825,0.000999000999000999
"Tofacitinib (CP-690550,Tasocitinib)",0.6330445738434223,0.041280399911618915,2.1982601793941154,0.000999000999000999
GDC-0879,0.61163509145245,0.06797870862497059,2.617422416722457,0.001998001998001998
Go 6983,0.757255656769235,0.02881275936751631,4.583450847716777,0.000999000999000999
Triciribine,0.9687439003878515,0.01804968798059427,16.475615805987843,0.000999000999000999
BMS-833923,0.6588549587980308,0.02677429292910825,2.2726242778280272,0.000999000999000999
SNS-032 (BMS-387032),0.9907901705443951,0.0075700570645119755,17.62953883354753,0.000999000999000999
RepSox,0.8589651911004801,0.03276640550104878,8.150990726838828,0.000999000999000999
WZ3146,0.7302391994841779,0.045862784045093495,3.889764976815507,0.000999000999000999
WIKI4,0.666258884524663,0.050321848938315206,1.26228729743049,0.000999000999000999
Tivozanib (AV-951),0.7785429249399838,0.06205289311600322,4.5682087516666945,0.000999000999000999
Pacritinib (SB1518),0.9926986096947559,0.006588357227474681,23.358737392782622,0.000999000999000999
CHIR-99021 (CT99021),0.8656809953286796,0.041239022943251255,9.062585209587658,0.000999000999000999
Vacquinol-1,0.9122623845180197,0.036866683386979474,12.863630792749287,0.000999000999000999
MGCD-265,0.6682397744611173,0.06794513571814233,3.381776335743096,0.000999000999000999
BLZ945,0.5931977795604456,0.056006750608975774,1.070501343296627,0.011988011988011988
PHA-793887,0.7561096677312675,0.0707535139370633,6.837636753068421,0.000999000999000999
BIX 02189,0.6413988618811721,0.06508124572004578,3.120077763878758,0.000999000999000999
GSK621,0.6170318346371154,0.06557022928276851,1.481204238630488,0.002997002997002997
BMS-777607,0.6434992434532545,0.07015604296468357,2.788111968714416,0.000999000999000999
AZD5363,0.8648378236670162,0.03181266051342271,6.252012437657643,0.000999000999000999
AZD1480,0.9760789197637803,0.005974652243936929,19.938945767055227,0.000999000999000999
BMS-794833,0.5929047326043518,0.03211137519124659,1.6318407677606146,0.006993006993006993
BI-78D3,0.6674902565765521,0.045604678445577765,2.4677734464953356,0.000999000999000999
SB590885,0.7008356492591105,0.0481128916572623,2.8593427784591277,0.000999000999000999
"BKM120 (NVP-BKM120, Buparlisib)",0.948384120649061,0.025107954038313094,12.953025536377758,0.000999000999000999
Nintedanib (BIBF 1120)_uncertain,0.6531794643527455,0.05946230840186314,2.2966370817800286,0.000999000999000999
Vismodegib (GDC-0449),0.7219662192489752,0.043547773161137275,2.451439702000905,0.000999000999000999
"Ridaforolimus (Deforolimus, MK-8669)",0.7039575620165444,0.07182335758307501,2.7439509288376205,0.000999000999000999
SB525334,0.6128953067465692,0.046632950038348754,2.1225566705005856,0.000999000999000999
PD0325901,0.9883960577960558,0.00562606102620311,14.828009812714953,0.000999000999000999
Taladegib (LY2940680),0.6214319919257074,0.040710964278049856,1.4498198285211163,0.000999000999000999
Hesperetin,0.6256133777712621,0.041037083291818786,2.378405309814711,0.000999000999000999
YO-01027,0.6855552276862021,0.032285833706275614,2.279731101062315,0.000999000999000999
KU-55933 (ATM Kinase Inhibitor),0.5598923070593391,0.04648347002087705,1.6918337715438911,0.35364635364635366
Sotrastaurin,0.6815742463209544,0.03483274321174135,2.720890359295905,0.000999000999000999
LY294002,0.7733262162108413,0.06353864303284258,4.755707667644543,0.000999000999000999
CHIR-99021 (CT99021) HCl,0.8361586412678804,0.035248719820917526,7.5367100783902155,0.000999000999000999
"Cabozantinib (XL184, BMS-907351)",0.7804879456172735,0.04911595214522063,4.640294000195735,0.000999000999000999
LGK-974,0.657796240283564,0.03156380497999065,3.0133603558198736,0.000999000999000999
Barasertib (AZD1152-HQPA),0.772108449873253,0.05189030449594786,8.307650586291421,0.000999000999000999
AZD2858,0.9406778261805799,0.02409272959679086,15.241032589558289,0.000999000999000999
CYC116,0.986456884582194,0.011519160810174818,25.497835412526562,0.000999000999000999
HO-3867,0.6461040901873305,0.035722830621067514,2.5118358709741906,0.000999000999000999
YM201636,0.6577999367659567,0.08425421317117912,3.8115804633884647,0.000999000999000999
Wnt agonist 1,0.969620299146692,0.011038553245786778,19.44293216064336,0.000999000999000999
PD173074,0.7039162210784548,0.057366622803932774,3.547683046268231,0.000999000999000999
G-749,0.7228003489084004,0.06769164912655708,3.450026044070679,0.000999000999000999
Rigosertib (ON-01910),0.9860827370438049,0.012565261367613887,20.920155322064712,0.000999000999000999
SP600125,0.6293985700717595,0.06981637834306796,1.7715232658988376,0.000999000999000999
LFM-A13,0.6969418297881999,0.060094359117704485,3.753179227219308,0.000999000999000999
PIK-93,0.8714062678958732,0.03736551182387064,11.607477434179856,0.000999000999000999
AZD7762,0.9943175371885191,0.0072377125574226405,28.133446154429443,0.000999000999000999
DASA-58,0.7960980849470483,0.036624218797458113,5.711649166223105,0.000999000999000999
PD318088,0.924087930591209,0.03304519504437888,10.699367724638114,0.000999000999000999
Acadesine,0.8129918830084083,0.02774497671632439,5.176053955185251,0.000999000999000999
TCS 359,0.6593694458164616,0.06657369259736787,2.4561813003697512,0.000999000999000999
PF-4708671,0.981186633722149,0.008504476098700222,19.365215323965412,0.000999000999000999
NVP-BHG712,0.7358051973855202,0.04633346921178131,4.425451588865193,0.000999000999000999
"Olmutinib (HM61713, BI 1482694)",0.7722846968197277,0.0456188574695313,4.087249797451517,0.000999000999000999
Apatinib,0.6568324805766437,0.06783723032239934,2.76390820962432,0.000999000999000999
Asiatic Acid,0.7544295119708441,0.07538745305660943,3.8036688441294775,0.000999000999000999
Afatinib (BIBW2992)_uncertain,0.6496140411401103,0.06591003388460066,1.8484284242916702,0.000999000999000999
Gefitinib (ZD1839),0.8240176947682318,0.04823718586822173,5.663648962436852,0.000999000999000999
LY2811376,0.5689885878368217,0.05517205479966694,1.4560759397452132,0.007992007992007992
PI-103,0.5900986279992433,0.058091024113811104,1.2584683818881073,0.025974025974025976
AC480 (BMS-599626),0.7017236722354983,0.051792926263906594,2.6809987076928268,0.000999000999000999
Indirubin,0.7543252012869938,0.016554547761935705,4.742048728489938,0.000999000999000999
SB203580,0.6606947498294525,0.049542210957045266,2.4990835063173296,0.000999000999000999
LY411575,0.6756611813186653,0.03789625814544869,2.7231734728426784,0.000999000999000999
GSK1904529A,0.5604115159339622,0.06876059060769724,1.8841403173722144,0.2967032967032967
WP1066,0.6324127951551886,0.029146091988174843,0.8487432925723326,0.000999000999000999
OSU-03012 (AR-12),0.6904185653912231,0.056637880531572815,2.3229467004704434,0.000999000999000999
Tofacitinib (CP-690550) Citrate,0.7072289281350755,0.03994043495737815,2.7740367443375415,0.000999000999000999
Everolimus (RAD001),0.5919459673226358,0.055590487366451426,1.4766502076060377,0.02197802197802198
AZD1080,0.9023873653214786,0.019281369892167832,10.821223898516866,0.000999000999000999
PLX-4720,0.6416595897599426,0.06420344873098506,1.4242001541082527,0.000999000999000999
PD173955,0.8587121731284316,0.01673674624024506,8.315377277414614,0.000999000999000999
WZ4002,0.5933426476049074,0.06197207630958793,2.1478038801237225,0.003996003996003996
OSI-930,0.7234499814354877,0.08044809763427538,2.974597443049713,0.000999000999000999
WYE-354,0.8601502754255528,0.0418799986505858,5.06653157809208,0.000999000999000999
AT13148,0.7364607166187404,0.09337942466935639,3.0673839970420995,0.000999000999000999
Ki8751,0.6136293666832768,0.0739995814883748,1.9331553319380668,0.001998001998001998
AZD6482,0.6555163979674894,0.0677377567555753,3.16000988471215,0.000999000999000999
SB239063,0.7264538218560308,0.07656970325133539,3.9455457821814606,0.000999000999000999
Ponatinib (AP24534),0.836234214309922,0.038281984285397384,7.073499162230487,0.000999000999000999
R406 (free base),0.565869255754318,0.047827048811611594,1.0381428953023382,0.12187812187812187
GSK2292767,0.8650926288121641,0.04024815561637192,6.279361840376091,0.000999000999000999
KU-60019,0.7433567730191812,0.05068466119560259,4.477184271182364,0.000999000999000999
PF-573228,0.7932889073624517,0.06799243355161404,4.4674967392061715,0.000999000999000999
Tyrphostin AG 1296,0.6626932350278424,0.04299896923076881,3.2079838368116556,0.000999000999000999
LY2784544,0.7973909391708677,0.030236279424762622,5.52140121354699,0.000999000999000999
OSI-420,0.7289318384864416,0.06243475217491303,4.267197068069094,0.000999000999000999
"7,8-Dihydroxyflavone",0.6523610427296802,0.048710898690990934,2.2845895307472612,0.000999000999000999
"CAL-101 (Idelalisib, GS-1101)",0.6045274751836518,0.07379760039352373,1.7011837033458108,0.002997002997002997
Honokiol,0.6098912098765414,0.056648359963538224,1.9255964365286582,0.000999000999000999
BMS-536924,0.8608416776394922,0.03926146601500809,4.800367842066454,0.000999000999000999
Imatinib Mesylate (STI571),0.7140647161207816,0.04054257752861245,2.4847632531230452,0.000999000999000999
Fasudil (HA-1077) HCl,0.6408394230833482,0.03647233960597335,3.2990986685187886,0.000999000999000999
Rapamycin (Sirolimus),0.7003854014431513,0.0419256109634537,3.3716718073590815,0.000999000999000999
Masitinib (AB1010),0.7155914732977373,0.05770138220215804,3.490586703873199,0.000999000999000999
Quercetin,0.5691084310029882,0.03106639072143534,1.1834353246589255,0.000999000999000999
SB202190 (FHPI),0.6774307388023771,0.06399003930526181,2.702219052162444,0.000999000999000999
SB415286,0.5937352540253125,0.044284233576717055,0.7842604620348266,0.000999000999000999
PF-04217903,0.761175668031015,0.052407758353645646,3.6218639437843376,0.000999000999000999
CEP-33779,0.6747726227487372,0.024978875971330295,1.8530907181769367,0.000999000999000999
Danusertib (PHA-739358),0.981560795332584,0.014256988874739071,21.813832875624524,0.000999000999000999
XL019,0.6520964781893228,0.0403458014617771,2.0336563910076215,0.000999000999000999
BMS-754807,0.9943698261653179,0.0073664809287347826,20.906195741895218,0.000999000999000999
1-Azakenpaullone,0.7254461305852462,0.04335880514023754,3.019697159623347,0.000999000999000999
"Roscovitine (Seliciclib,CYC202)",0.7419645881787515,0.0415932747312051,3.6712284216773208,0.000999000999000999
IWP-L6,0.5377023993242674,0.058453261342894886,1.3460907013396717,0.4995004995004995
PD98059,0.7572727136621806,0.050652728588924695,3.558155089703797,0.000999000999000999
KU-0063794,0.8601371790689158,0.03287185267099328,5.142912160258858,0.000999000999000999
PRI-724,0.6865584070989549,0.04784501033110763,3.183446106310223,0.000999000999000999
"Vemurafenib (PLX4032, RG7204)",0.6712104962326754,0.07584363999695251,2.8403943427251175,0.000999000999000999
WH-4-023,0.7954732417297645,0.06495509736014521,3.597235067416268,0.000999000999000999
"TSU-68 (SU6668, Orantinib)",0.7039732021185461,0.05329248335859194,3.206983154979715,0.000999000999000999
ANA-12,0.6372140782269182,0.061227480574465976,1.4356145345611686,0.000999000999000999
SAR245409 (XL765),0.6457518674311844,0.07015349909309766,2.043210506031466,0.000999000999000999
CP-673451,0.9293772169011982,0.03416723600133752,8.980876142756571,0.000999000999000999
BS-181 HCl,0.7331411287286066,0.0676751217053015,3.3760655199665264,0.000999000999000999
BMS-265246,0.8509957057487829,0.03350019967100831,8.263634962403884,0.000999000999000999
NSC 23766,0.6659393399483757,0.044551244214998294,3.543488638582715,0.000999000999000999
AST-1306,0.6591420002142108,0.041756859801722467,2.6827914587541293,0.000999000999000999
PIK-293,0.5994161007602681,0.05468858381941015,1.7284225609699504,0.004995004995004995
LY3023414,0.9909455533788307,0.012287686964555719,14.295381220000195,0.000999000999000999
PIK-294,0.6849268850278628,0.05452760470960435,3.840221646361225,0.000999000999000999
Bosutinib (SKI-606),0.8059729755679271,0.05139626846504384,3.251498110867655,0.000999000999000999
XAV-939,0.7345335402412075,0.04303163917180945,3.1885358730954065,0.000999000999000999
Lapatinib (GW-572016) Ditosylate,0.6132716712714926,0.04061306636708716,1.9770727679121303,0.000999000999000999
RO4929097,0.7447263484864219,0.035418254499438355,3.915089483900048,0.000999000999000999
Sorafenib Tosylate,0.6715749868362919,0.054515483607845895,2.276872222271998,0.000999000999000999
SB505124,0.7952641687935283,0.03450436953058053,4.519126981353811,0.000999000999000999
GDC-0941,0.7136643694348759,0.046184909765997935,4.016825841995612,0.000999000999000999
Astragaloside A,0.6241211345328345,0.03415207935320354,2.041420800000053,0.000999000999000999
MK-2206 2HCl,0.7338802438506844,0.05320362725763471,3.1762209262850276,0.000999000999000999
TG101348 (SAR302503),0.9652281058607034,0.010970158219563486,15.80430535693093,0.000999000999000999
MLN8054,0.6609716952949392,0.05012237431973339,1.4128236790868614,0.000999000999000999
"Baricitinib (LY3009104, INCB028050)",0.6618998395107603,0.031091358600137845,2.493464864227149,0.000999000999000999
BI 2536,0.9851072620044053,0.011574170099852102,17.246907817917542,0.000999000999000999
Wnt-C59 (C59),0.5687026073677311,0.03340880104111133,1.1206477565972366,0.002997002997002997
Alisertib (MLN8237),0.9637293690573749,0.013681877454705161,21.43370410833783,0.000999000999000999
RKI-1447,0.6081724496459635,0.026071014796998297,1.440699074313006,0.000999000999000999
SNS-314 Mesylate,0.9687819637385695,0.019991520592572594,21.5159312794652,0.000999000999000999
SH-4-54,0.6174166023017065,0.04456791519614203,2.0863470619878224,0.000999000999000999
Regorafenib (BAY 73-4506),0.6823909285330947,0.03195360676417319,3.498458626700688,0.000999000999000999
IM-12,0.5539101251693207,0.04542319674879137,1.1776010514995334,0.014985014985014986
Flavopiridol (Alvocidib),0.9928232994854476,0.007056962532445569,24.396446902753627,0.000999000999000999
BX-795,0.693963436137652,0.06599716836471618,2.8839034159448373,0.000999000999000999
Pelitinib (EKB-569),0.7680282705206305,0.04857854400076605,4.171553814597102,0.000999000999000999
Ro-3306,0.7416072607034849,0.05280420212936805,4.904257439546648,0.000999000999000999
AT7519,0.9236710447490589,0.02840547692543014,12.755491312409985,0.000999000999000999
AZD8055,0.9620177160599829,0.027611835990652447,7.498095812332313,0.000999000999000999
ETC-1002,0.5857931032190047,0.037906477022864954,1.7795432691108324,0.028971028971028972
Lapatinib,0.6865175058805979,0.08532021265493876,2.503113520063711,0.000999000999000999
"PRT062607 (P505-15, BIIB057) HCl",0.673213809474148,0.03710314539934485,2.831989797746654,0.000999000999000999
AZD8931 (Sapitinib),0.7603827962326207,0.05523713570202889,4.4752008894267945,0.000999000999000999
Telatinib,0.6615933329993346,0.06125415378059569,3.4642833125427246,0.000999000999000999
Chrysophanic Acid,0.7150709856757602,0.0530386221194496,2.1432329129888474,0.000999000999000999
Anacardic Acid,0.5707885444349416,0.07872424960121104,1.9447691002026706,0.12287712287712288
LY2603618,0.9572196490212626,0.022752004123559995,10.87326245686446,0.000999000999000999
PF-00562271,0.986539230597003,0.012115794743678573,16.740864439143415,0.000999000999000999
SC1,0.9940716075370387,0.006409702354459467,20.052168082663645,0.000999000999000999
R547,0.9946105646437896,0.008543993515102948,24.38445136269487,0.000999000999000999
TAK-901,0.7736791001421565,0.048696580404889965,5.669699895693084,0.000999000999000999
PLX7904,0.662027108995144,0.055669168682063744,1.363379403137259,0.000999000999000999
Tivantinib (ARQ 197),0.9737516432917399,0.01424652861907899,20.093619560348728,0.000999000999000999
Butein,0.600981322654922,0.058038239733523504,2.5150144376659265,0.000999000999000999
MK-2461,0.7183969363092098,0.06467461892387338,3.9326850703504954,0.000999000999000999
Dabrafenib (GSK2118436),0.6838309593733182,0.06013671358913015,2.8023166558361914,0.000999000999000999
TPCA-1,0.8703460906074246,0.04286655489618942,7.4375073952905515,0.000999000999000999
IKK-16 (IKK Inhibitor VII),0.9917610226278581,0.008701489124421688,25.73527805571671,0.000999000999000999
PF-477736,0.8083711316042802,0.035609805923229335,5.782835077546175,0.000999000999000999
Piceatannol,0.8446518082072263,0.06179089799164439,8.578356013969822,0.000999000999000999
AP26113,0.9902601139305288,0.010543044168746254,21.234574692066165,0.000999000999000999
PD168393,0.6013800792260632,0.05265770229769251,2.2210193905809636,0.004995004995004995
RN486,0.6729519976158631,0.06249357398040925,4.030235889226743,0.000999000999000999
AZD3463,0.9910587426686215,0.014008700166244639,25.653014242630654,0.000999000999000999
SSR128129E,0.5668645236474097,0.03641914873848495,1.5556229241544077,0.14585414585414586
FRAX597,0.9763890158634057,0.01726931631506401,21.090627088863833,0.000999000999000999
TG003,0.6158340517185377,0.05803325441514689,2.7815501117315793,0.000999000999000999
KN-62,0.5500969018314984,0.03687511940371506,1.1115908971772335,0.5414585414585414
Phenformin HCl,0.7248887969408145,0.04387700206108892,3.261041716472425,0.000999000999000999
DCC-2036 (Rebastinib),0.7869485325740948,0.05592685091845953,3.8798194609953227,0.000999000999000999
Trametinib (GSK1120212),0.9799963964922347,0.015209331138817145,17.706116028402626,0.000999000999000999
SU6656,0.6722242740854776,0.04303380840189197,3.2351568094516874,0.000999000999000999
WAY-600,0.7485344541931498,0.0487806690875281,2.508962064610877,0.000999000999000999
AMG-900,0.988667638969592,0.006112526741675265,22.869731473597696,0.000999000999000999
AZD3759,0.7086561562148244,0.05640076038119581,2.693469977367943,0.000999000999000999
PHA-767491,0.9915261153797555,0.011338204300425892,22.313087455375324,0.000999000999000999
Varlitinib,0.6487217895298819,0.0477018103023982,2.670511540343776,0.000999000999000999
GDC-0349,0.8827259338907203,0.05546540225661259,6.498792556025157,0.000999000999000999
AZD2014,0.9140155260748852,0.0454483360530853,5.27671275782927,0.000999000999000999
GDC-0068,0.7245213252335532,0.06897375972060352,3.7646259311741557,0.000999000999000999
SAR131675,0.6606146625166022,0.057460052855843505,2.2660636577976274,0.000999000999000999
PF-562271,0.9848088729278599,0.017067966950173697,21.28769784199802,0.000999000999000999
Schisandrin B (Sch B),0.6515588819339986,0.06267809626295917,2.2929391950919005,0.000999000999000999
AZD2932,0.6121849651685177,0.040193570556481,1.1947625253068825,0.003996003996003996
CX-6258 HCl,0.6860740238885658,0.07567773671650575,2.0348129945685782,0.000999000999000999
LDK378,0.9936459614518018,0.004286763680071192,21.47879149722803,0.000999000999000999
NU6027,0.7906231847671226,0.048679810327860236,4.348809170906782,0.000999000999000999
AVL-292,0.6568845560574446,0.057892971122043904,2.927291527262579,0.000999000999000999
GSK650394,0.8373023881497492,0.06106627424031519,6.468428631773486,0.000999000999000999
CO-1686 (AVL-301),0.629030984282612,0.07758778978414958,2.22348063825272,0.001998001998001998
ERK5-IN-1,0.748232208873078,0.06762876917618689,2.4001486372477916,0.000999000999000999
KN-93 Phosphate,0.6125177386799221,0.049111446862357126,2.4485127776195736,0.000999000999000999
Daphnetin,0.5967681856956274,0.05246487075953431,1.9164940254033207,0.00999000999000999
LDN-214117,0.7971400263827962,0.04571102284338043,3.16392827699088,0.000999000999000999
CCT128930,0.7303971249361438,0.06112477024405847,2.60143940718782,0.000999000999000999
Flavopiridol HCl,0.991787166692426,0.006074939152199244,22.368431982133046,0.000999000999000999
Akti-1/2,0.8157608997409662,0.05203033897228889,5.9122167197910365,0.000999000999000999
ZM 336372,0.7340878135688705,0.07778564731756595,4.104624911835547,0.000999000999000999
VPS34-IN1,0.9733634947256438,0.00956144358248442,16.956554999969327,0.000999000999000999
PF-04691502,0.9412873109177458,0.030323666640807292,10.579000267723854,0.000999000999000999
CUDC-907,0.9946386946386946,0.010477727453446982,26.43864182519962,0.000999000999000999
"Cobimetinib (GDC-0973, RG7420)",0.9705760709402453,0.012401551450928276,15.185730730332452,0.000999000999000999
TAK-285,0.638192732213668,0.07456696073671787,3.3244946080711597,0.000999000999000999
INK 128 (MLN0128),0.972979500899305,0.019209829963287066,9.681090643864339,0.000999000999000999
BI-D1870,0.7382244489074683,0.04418067169697385,3.16969501186498,0.000999000999000999
GW441756,0.6652125880834179,0.06327194482627246,2.148635286690216,0.000999000999000999
BAY 11-7082,0.5673924154871086,0.042784677665414717,0.948260126515035,0.2997002997002997
Cabozantinib malate (XL184),0.7746073928754378,0.038291855242135124,4.372137187778433,0.000999000999000999
"MEK162 (ARRY-162, ARRY-438162)",0.9749121969036846,0.023685574776661597,13.234541430182865,0.000999000999000999
AZ20,0.9952638110470696,0.003917092392760436,20.547711583948796,0.000999000999000999
GSK2334470,0.699973664838529,0.08376882914094934,2.3942300890056325,0.000999000999000999
MLN2480,0.6658539344398169,0.05172773073156584,2.1455397887414156,0.000999000999000999
SKI II,0.7368585763456199,0.04408948336606533,3.418222299000986,0.000999000999000999
Skepinone-L,0.7512080009971677,0.05778049008298383,3.963348456772511,0.000999000999000999
PFK15,0.6119032108253254,0.05129905205036657,1.986983110961682,0.000999000999000999
URMC-099,0.7238641740524483,0.07152995775006207,2.9965245262544977,0.000999000999000999
TAK-733,0.98426468605554,0.02009222999864368,16.830565047960256,0.000999000999000999
SU9516,0.7420173484066673,0.0770934001430058,5.812750040275702,0.000999000999000999
A66,0.6785002101914599,0.06506805306752352,3.083726876397833,0.000999000999000999
Ibrutinib (PCI-32765),0.6127117083271989,0.059119337054739526,2.311909225945566,0.000999000999000999
Purvalanol A,0.6491392260493559,0.05453123166893518,2.5747732082568042,0.000999000999000999
GDC-0980 (RG7422),0.9605339716132864,0.020649827789520393,8.485944869589416,0.000999000999000999
PH-797804,0.6136122271841455,0.040920758604177175,2.3932822053253027,0.000999000999000999
Entrectinib (RXDX-101),0.723802968868664,0.060217072116666236,4.065167767632122,0.000999000999000999
NVP-BVU972,0.6320866303996369,0.06302479588584305,2.0293161378342837,0.000999000999000999
BMS-345541,0.7144110785925897,0.06725566843197262,3.7915721316376394,0.000999000999000999
BYL719,0.8817710421728655,0.02408051372395508,6.442490803395444,0.000999000999000999
Semaxanib (SU5416),0.6006188458266527,0.0726512087021451,2.1518201874850265,0.014985014985014986
Tyrphostin 9,0.888021744040436,0.026124926737299596,4.9165389716921215,0.000999000999000999
Icotinib,0.5628773314459701,0.07070165101068118,2.569239890810362,0.3876123876123876
JNK-IN-8,0.7363304244622764,0.05824137899515747,3.879580995230998,0.000999000999000999
PP2,0.7502513116931334,0.052889242532096224,3.9386408332911462,0.000999000999000999
CGI1746,0.6886764829721267,0.045273954735709866,3.1025072904213666,0.000999000999000999
Zotarolimus(ABT-578),0.6784308100370064,0.07849997151178245,2.2533391682469928,0.000999000999000999
TIC10 Analogue,0.6916412738269733,0.08125877961535709,2.474321613990835,0.000999000999000999
PF-543,0.9874161157122534,0.010227425277662891,19.588449292557694,0.000999000999000999
Losmapimod (GW856553X),0.6590837279698245,0.044576663021648796,2.1255575571692273,0.000999000999000999
TAK-632,0.7725383942291633,0.042500340195318884,3.583165893368918,0.000999000999000999
Bay 11-7085,0.8314089076877977,0.05195340692927835,5.798782147704746,0.000999000999000999
LDC000067,0.7154772994945549,0.05522332195478687,3.386870586940112,0.000999000999000999
AZD5438,0.9924821488855973,0.007635616895138046,22.378258415994868,0.000999000999000999
D 4476,0.7328683123905905,0.04019981015794892,3.0136132526528576,0.000999000999000999
GSK2126458 (GSK458),0.9971297647080852,0.003792277527225932,25.778076080550832,0.000999000999000999
AS-604850,0.6449833306392054,0.04981545211345354,2.654442212393045,0.000999000999000999
AMG319,0.6940463010919826,0.046642555923408886,2.2135041120728274,0.000999000999000999
A-769662,0.7155014317035745,0.02063035125246379,5.621154058766004,0.000999000999000999
"Dacomitinib (PF299804, PF299)",0.5862408479179055,0.061888510522236304,1.2792060005156596,0.008991008991008992
GSK2636771,0.8381867683582754,0.0328598529730301,6.341930107970526,0.000999000999000999
AZ 628,0.7515516875594244,0.07761143172565337,3.8892032877669904,0.000999000999000999
3-Methyladenine,0.5854923585036355,0.06148597908603052,2.1230542993984303,0.007992007992007992
ETP-46464,0.5789931407867163,0.04163825717720696,1.6968724647811386,0.04195804195804196
Tyrphostin AG 879,0.6956614247778573,0.07673045411404572,2.8030159585579097,0.000999000999000999
Golvatinib (E7050),0.9780605612890808,0.009707399550510842,17.160471906162716,0.000999000999000999
ZM 323881 HCl,0.5953794497137017,0.055722330661527764,1.2954147390610595,0.007992007992007992
SC-514,0.637986653972494,0.07543323591159741,1.3576855707910067,0.000999000999000999
VS-5584 (SB2343),0.9616098712412414,0.018101324204656506,10.502493040695567,0.000999000999000999
PP1,0.7733407103869263,0.03431980933373304,4.062546004074334,0.000999000999000999
IPA-3,0.64149208114114,0.06046236978108992,2.2115607798206462,0.000999000999000999
CGK 733,0.7487417040392621,0.06527211084544819,2.8322331753139425,0.000999000999000999
GZD824,0.9698455365523786,0.013769148939467811,11.08762442587613,0.000999000999000999
Ro3280,0.9454027197334604,0.02326686597243183,13.112818449984145,0.000999000999000999
AZD9291,0.772286802342957,0.033417901588945906,4.719073735882087,0.000999000999000999
HS-173,0.9660826081614603,0.01543904648394465,19.27548793768565,0.000999000999000999
Uprosertib (GSK2141795),0.8358128329903096,0.06089723666274076,4.680511131658185,0.000999000999000999
PP121,0.9685397097817006,0.028291976762065196,9.67718939192014,0.000999000999000999
PF-431396,0.9833372637400009,0.011073416702491921,14.72397462464907,0.000999000999000999
WYE-125132 (WYE-132),0.9342784789947599,0.017881040294225006,7.251805972429883,0.000999000999000999
CAY10505,0.6015704953573879,0.04852900546149216,2.1365731389750677,0.002997002997002997
SGI-7079,0.9935951465275386,0.008071203968387978,22.24917876298785,0.000999000999000999
CH5132799,0.9397796138336527,0.02104756217016567,8.512775431133901,0.000999000999000999
AG-1478 (Tyrphostin AG-1478),0.6980617951110404,0.042091908086232095,2.8352281748023938,0.000999000999000999
PQ 401,0.6233238051440771,0.0334570594992059,1.1857837935106517,0.000999000999000999
AMG-458,0.5432149128049873,0.04058164010212393,1.573953003758843,0.6863136863136863
Dinaciclib (SCH727965),0.987777646619767,0.008744173376219983,19.14568259685704,0.000999000999000999
ASP3026,0.7045025510031471,0.04808528900904241,2.169395602321288,0.000999000999000999
Torin 2,0.9900687706398832,0.009467330696556727,25.63908030859397,0.000999000999000999
IMD 0354,0.9887618147044017,0.008865163371530302,19.021895520575995,0.000999000999000999
ZM 306416,0.7108421125897969,0.053075513951035914,2.439306003376633,0.000999000999000999
TDZD-8,0.609321313480234,0.026206454666087325,1.6121438190631707,0.011988011988011988
CZC24832,0.6019152934718892,0.06303425208539544,1.9965217745259598,0.014985014985014986
LY2090314,0.9478195264296246,0.03677802965268622,13.902161823539627,0.000999000999000999
PF-3758309,0.9584880323652882,0.025731653617712128,15.09593875032604,0.000999000999000999
WZ4003,0.6336360887869509,0.04193349079368664,1.4349911765748318,0.000999000999000999
GNE-0877,0.6094727700168838,0.056258508411972406,1.6386719240068937,0.000999000999000999
DDR1-IN-1,0.7772869641887612,0.04380962254448136,3.8486345313582873,0.000999000999000999
OSI-027,0.8902794103938898,0.04171387951637282,5.91172120186937,0.000999000999000999
GSK2578215A,0.678848238129621,0.08483586562482347,2.2506884444041555,0.000999000999000999
A-674563,0.9936797929998432,0.010422052765693617,22.77927109663435,0.000999000999000999
CHIR-124,0.989986478414511,0.016044339851220547,18.5720608471897,0.000999000999000999
"Ulixertinib (BVD-523, VRT752271)",0.9236332097715158,0.02807235877843076,8.205530500805603,0.000999000999000999
KX2-391,0.9772961626036756,0.017570419504719346,17.510504730464806,0.000999000999000999
BGT226 (NVP-BGT226),0.9941013871013871,0.008681875478593004,24.49042784729247,0.000999000999000999
Dovitinib (TKI-258) Dilactic Acid,0.7924764045276304,0.07588885667509729,5.098466176125252,0.000999000999000999
AZD4547,0.7123311132468482,0.09295958484605923,3.0315353075160036,0.000999000999000999
TAE226 (NVP-TAE226),0.9869396640927219,0.015351730796640277,19.175620078256017,0.000999000999000999
GNF-2,0.6438632447243405,0.0663379155285679,1.8326653100926267,0.000999000999000999
TAK-715,0.5776044833302898,0.04639227064637421,2.750901974252344,0.1028971028971029
Fingolimod (FTY720) HCl,0.7106783619789616,0.08132451204243643,4.908543061002153,0.000999000999000999
IPI-145 (INK1197),0.7154037629941998,0.06661845130254412,2.9321472773231707,0.000999000999000999
MK-8745,0.890343406015227,0.031365845002981875,11.53390031048463,0.000999000999000999
VE-822,0.9841974464681436,0.00831747242414125,19.44276473647459,0.000999000999000999
10058-F4,0.7066319255607154,0.04897798077076152,2.965221444948761,0.000999000999000999
CNX-774,0.6376047438002688,0.0336643625777159,2.6328178074955964,0.000999000999000999
HTH-01-015,0.880810269106796,0.030809854082265057,13.920220541859013,0.000999000999000999
GNE-9605,0.6998192052599405,0.06526942937143036,3.7045424758893346,0.000999000999000999
JNK Inhibitor IX,0.9760220767581582,0.012887480510461327,18.42723356061859,0.000999000999000999
Fostamatinib (R788),0.7279761496973877,0.0600499058895282,6.161802107153376,0.000999000999000999
AZD6738,0.9948872974999967,0.005785581131692752,21.342742606026516,0.000999000999000999
AS-252424,0.7796338218951989,0.06515122809847602,3.7737708644622465,0.000999000999000999
LJH685,0.7717710503834508,0.04482644291694849,4.320337498229505,0.000999000999000999
GSK1838705A,0.8637480794207549,0.04415541491305305,5.2821897714973005,0.000999000999000999
Crenolanib (CP-868596),0.8878209445130449,0.02793574318822863,7.617183914456879,0.000999000999000999
SMI-4a,0.71731377336074,0.0487386719552727,3.6016868796975503,0.000999000999000999
Milciclib (PHA-848125),0.9906904977244286,0.004138899864550208,18.95327311608421,0.000999000999000999
MK-5108 (VX-689),0.7655721185379074,0.048948801142296744,6.661498215622733,0.000999000999000999
P276-00,0.9895413119906605,0.011418510539152908,20.149314812940624,0.000999000999000999
Tideglusib,0.6844531040985561,0.06953386655234327,3.0414611785195413,0.000999000999000999
GW5074,0.5855307738066775,0.04943569476499395,1.3115052021095044,0.01998001998001998
Pazopanib,0.66211109443722,0.06844739086647711,2.415187788296426,0.000999000999000999
VX-702,0.6613463641689448,0.05192591505087012,2.9808440211843914,0.000999000999000999
Tepotinib (EMD 1214063),0.9713631541423939,0.011916571328823596,19.281462257332173,0.000999000999000999
AZD1208,0.7797921187478492,0.05338571832745975,3.9021140035306274,0.000999000999000999
LY2835219,0.9143807205220502,0.05787073179871812,7.831260954944662,0.000999000999000999
CNX-2006,0.8190241820235766,0.020750654983578413,4.295082436383479,0.000999000999000999
EHop-016,0.7460734830752112,0.04556006741780168,3.242022664949707,0.000999000999000999
Sorafenib,0.6906774697768345,0.06953767102747378,2.4330475171187294,0.000999000999000999
XMD8-92,0.8141389596888411,0.045043582368943194,4.174520901789417,0.000999000999000999
Taselisib__1.0,0.9754753205869255,0.02161279542877347,13.062062264260078,0.000999000999000999
Defactinib__0.0016,0.6835808684169513,0.05797588554099167,2.90097540682256,0.000999000999000999
YM155__0.04,0.6820206322370442,0.04187864415552374,4.156759017214891,0.000999000999000999
Irinotecan mit 5-FU + Gefitinib__0.008,0.8429781483355564,0.043405293186131164,7.0527855303469185,0.000999000999000999
Volasertib__0.04,0.9618233002569058,0.015267888778648311,15.271785508685609,0.000999000999000999
Gemcitabine__0.04,0.8835004923231656,0.019035606273819186,7.460078898284515,0.000999000999000999
Bexaroten__0.04,0.6875051141919203,0.09238525558850633,3.3551547488727915,0.000999000999000999
Dasatinib__0.008,0.6759053893299021,0.0492023588643641,2.0923989780823953,0.000999000999000999
Staurosporine_500nM,0.9844300463710051,0.0024892250659489293,18.367982996341386,0.000999000999000999
Palbociclib__0.0016,0.6509445270187821,0.05360412110635719,1.4971834758375695,0.000999000999000999
Vinblastin__0.0016,0.8102566363212352,0.04067748286226299,5.1143232858155026,0.000999000999000999
Vinblastin__0.2,0.9710420757830887,0.012077289738545063,16.973130755916145,0.000999000999000999
Irinotecan mit 5-FU__0.0016,0.7005799756320495,0.0402191451172853,2.1850397035805638,0.000999000999000999
YM155__1.0,0.9853926981178078,0.006310312428517383,18.776610423375814,0.000999000999000999
Irinotecan / SN-38__0.2,0.9908894641823764,0.007900271759005721,22.675703723926503,0.000999000999000999
Dabrafenib with Trametinib__0.04,0.7971440662755894,0.036607423533637634,4.092306193478156,0.000999000999000999
AZD 4547__0.2,0.6590158499867422,0.047274619104417645,2.445757439675046,0.000999000999000999
Afatinib__0.008,0.6557491978232678,0.07144274083774016,2.9435277919547156,0.000999000999000999
ALISERTIB__0.008,0.8422030282065537,0.0623419154720588,8.06866727685803,0.000999000999000999
lapatinib__0.04,0.662467208742103,0.050543819297517056,2.1138064265459793,0.000999000999000999
ruxolitinib__0.04,0.5950656674761906,0.06348061173470655,1.422046568007195,0.003996003996003996
Cabozantinib maleate__0.04,0.6651551040752441,0.05751814191800054,1.926471727555501,0.000999000999000999
Panobinostat__0.008,0.8286073788185842,0.07138687131028133,4.765696543019902,0.000999000999000999
Idelalisib__0.2,0.731906250632566,0.049789758164188416,2.9145208160193397,0.000999000999000999
Crizotinib__1.0,0.9936851073941776,0.00601480916571403,22.51086829674936,0.000999000999000999
sonidegib__0.2,0.5792608942879236,0.052981428907935564,1.0681013272448783,0.015984015984015984
Irinotecan / SN-38__0.04,0.9830282726614721,0.008801782491217238,20.696818012668526,0.000999000999000999
Vorinostat__0.0016,0.6743820185068098,0.05645167593833698,2.4613516085498115,0.000999000999000999
Trifluoridin/Tipiracil__1.0,0.8445376735632838,0.051428344744168485,5.142741795008826,0.000999000999000999
sonidegib__0.0016,0.6027163005143483,0.02571914456130737,2.109780551087442,0.000999000999000999
AZD 5363__0.008,0.5923147603208323,0.06331937563307351,1.0936552972832227,0.001998001998001998
LGK974__0.0016,0.6175905935018072,0.06675132145961502,1.0338237146145417,0.000999000999000999
5-FU__0.008,0.6100686062478862,0.0680299971679883,1.6028361271854987,0.000999000999000999
Everolimus__0.2,0.685953299193163,0.05205842900412303,1.7425226587236928,0.000999000999000999
AZD 4547__0.0016,0.6159352391954592,0.029238517920250996,1.9611288281115051,0.000999000999000999
Oxaliplatin mit 5-FU + Gefitinib__0.04,0.7755430722348512,0.042803334620239886,4.752856749206493,0.000999000999000999
Paclitaxel__0.04,0.8245288291454502,0.05104452992638222,6.233117209802077,0.000999000999000999
PHENFORMIN__0.0016,0.6556632024951916,0.04151422720156749,2.9613898187935925,0.000999000999000999
pazopanib__0.2,0.618998914333838,0.055262997484687465,1.4620405449026221,0.000999000999000999
Irinotecan mit 5-FU__1.0,0.9777220469183183,0.02153473542123171,16.832198879799282,0.000999000999000999
Trametinib__1.0,0.9784103681031988,0.01169417603240636,10.326123132167968,0.000999000999000999
Venetoclax__0.008,0.7241231642400112,0.06068880027915956,3.451917443252746,0.000999000999000999
Docetaxel__0.04,0.953178266288387,0.02441776496213556,16.508791284840033,0.000999000999000999
Alpelisib__0.008,0.6205400604989038,0.05367116326234542,1.9627743141899383,0.000999000999000999
Trametinib__0.0016,0.6918462467437515,0.07374208470816437,3.3091249250327626,0.000999000999000999
Taselisib__0.2,0.8825107309699831,0.04088450191968302,4.537162177052499,0.000999000999000999
Irinotecan mit 5-FU + Gefitinib__0.04,0.9566605718233602,0.027022540525386538,14.5074442888386,0.000999000999000999
Ponatinib__0.008,0.7296694960068499,0.06021421264568422,4.076985914189435,0.000999000999000999
Gemcitabine__0.0016,0.6269950698532759,0.0185479619746327,1.3996146182135598,0.000999000999000999
5-FU__0.2,0.8089682849363538,0.03168099541531368,4.657814438495568,0.000999000999000999
Etoposid__0.0016,0.5930319310480501,0.0418830701604733,3.153414167415056,0.001998001998001998
Vorinostat__0.008,0.6951036875434047,0.040335449272755224,2.825892253341977,0.000999000999000999
Olaparib__0.2,0.5482691405141872,0.045839326105102836,1.343348368589692,0.47652347652347654
Everolimus__0.0016,0.6386004651886696,0.03838233019472575,2.9884002665660128,0.000999000999000999
Bexaroten__0.008,0.7115947857650371,0.0370909153553473,3.206769591186307,0.000999000999000999
Venetoclax__0.04,0.6620660427062426,0.07566124058381672,3.1282586169624618,0.000999000999000999
Docetaxel__1.0,0.9508198980856715,0.015321952416433766,15.068300566198177,0.000999000999000999
PRI-724__0.0016,0.6040965907239368,0.033057508495159135,1.3663143206011783,0.000999000999000999
Erlotinib__0.0016,0.676616989368615,0.043357221489202916,2.9871296660267475,0.000999000999000999
Bortezomib__0.2,0.9937626810710032,0.007016271961827552,21.017031610283333,0.000999000999000999
GSK2636771__0.2,0.7103750473584227,0.04332904289485727,3.2709743871364525,0.000999000999000999
Methotrexate__0.0016,0.5912316666451883,0.056333290486613216,1.8913490552227532,0.004995004995004995
PHENFORMIN__0.04,0.6152796253069737,0.07106498671571677,2.1493193258181313,0.000999000999000999
5-FU__0.04,0.7294164456528444,0.04285106559602017,2.2790515474062847,0.000999000999000999
Defactinib__1.0,0.7261235974137512,0.05642670348854259,3.4623846356134567,0.000999000999000999
Venetoclax__0.0016,0.6403011994296304,0.055031359632444224,1.2963398829900459,0.000999000999000999
GSK2636771__0.008,0.5866457370998039,0.04823512570323508,0.904702580850687,0.003996003996003996
Dasatinib__0.0016,0.6838797441717028,0.04174388055792701,2.525406222175882,0.000999000999000999
Olaparib__0.0016,0.6093441727405957,0.040327506493259516,2.319327501326839,0.000999000999000999
Dacarbazine__0.04,0.559903636606794,0.0368220086629436,1.1664900521174912,0.1258741258741259
Erlotinib__0.008,0.6633208349807153,0.05593719713797859,2.659124340421038,0.000999000999000999
Cabozantinib maleate__0.0016,0.7922903570406931,0.025028504697971018,7.072065323236664,0.000999000999000999
Regorafenib__0.04,0.6608479689784624,0.04769098090617983,2.372951851404082,0.000999000999000999
Idelalisib__0.008,0.570366358335863,0.04908822300552073,1.2873572168977614,0.024975024975024976
Oxaliplatin mit 5-FU + Gefitinib__0.0016,0.5967577510452295,0.0638653508566587,1.957403705981241,0.003996003996003996
Palbociclib__1.0,0.8296650179489848,0.03598573380612458,6.911445239463328,0.000999000999000999
Bleomycin__0.008,0.6853148255318174,0.07975705063804735,2.768460551347346,0.000999000999000999
Dabrafenib__0.2,0.7412632254352276,0.057764436544242265,4.004900854927923,0.000999000999000999
VX-702__0.2,0.5833855627728795,0.053593265978774215,1.1386229291186427,0.007992007992007992
MK-1775__0.04,0.671284307844038,0.05694170554229673,3.374723468798268,0.000999000999000999
Regorafenib__0.0016,0.5750580341003935,0.06208760957140161,1.3675179478159494,0.028971028971028972
Bleomycin__1.0,0.7970003679167317,0.04210255634068059,6.012114769559174,0.000999000999000999
Sorafenib__0.0016,0.6505615945697714,0.05641526226930849,1.5785417465272331,0.000999000999000999
YM155__0.008,0.687957200877142,0.07550476012966552,3.6259314315346933,0.000999000999000999
Gefitinib__0.0016,0.6296588524367006,0.06071908432145925,1.5445197706494411,0.000999000999000999
Sorafenib__0.008,0.6643579834584104,0.05178120485830237,2.8848577681187306,0.000999000999000999
Oxaliplatin mit 5-FU__0.04,0.7716455970005094,0.06564658996357929,4.497145164441839,0.000999000999000999
Erlotinib__0.04,0.656122462993823,0.07477538716679157,2.8362970219096635,0.000999000999000999
Afatinib__0.2,0.6488958042352884,0.05363259327007961,1.9579175169689915,0.000999000999000999
Alpelisib__0.0016,0.6488279976950339,0.0625409367769041,2.172955928229658,0.000999000999000999
Taselisib__0.008,0.8031034625587621,0.03601206052676458,3.443045891706797,0.000999000999000999
YM155__0.2,0.708206850393872,0.04581130239090122,6.36982724953314,0.000999000999000999
Irinotecan mit 5-FU + Gefitinib__0.0016,0.6824677642883542,0.04843349063044091,1.8543920127841038,0.000999000999000999
Oxaliplatin mit 5-FU + Gefitinib__0.2,0.857063174699694,0.054965335565167694,6.4064914214980115,0.000999000999000999
Etoposid__0.04,0.7238746264895852,0.059496088191960124,3.726452263069852,0.000999000999000999
Oxaliplatin__0.0016,0.572664509609438,0.05268553065820707,2.1609604389997874,0.022977022977022976
Etoposid__1.0,0.9684317642366109,0.01087113648127661,18.402313113694127,0.000999000999000999
pazopanib__0.04,0.5820191948615057,0.06271448200591982,1.4859711365144843,0.004995004995004995
Venetoclax__0.2,0.6891748253527344,0.06474342958775771,2.6656355048333036,0.000999000999000999
Bexaroten__1.0,0.7328339442744696,0.06389452685141588,3.072551362638784,0.000999000999000999
Afatinib__1.0,0.6514029053727309,0.03138573895437215,2.5787741377295923,0.000999000999000999
Birinapant__0.2,0.6973630927913421,0.05343991366198252,2.7784567845972847,0.000999000999000999
Afatinib__0.04,0.5789520062777436,0.049809083255997165,1.6015168360091876,0.01098901098901099
17AAG__0.0016,0.5405318497670175,0.04714365153088461,1.4187654433491625,0.5134865134865135
MK-1775__0.0016,0.5743003532325504,0.05137287536290101,1.0570051732914896,0.01098901098901099
Trametinib__0.008,0.7228285905000824,0.05206872311529795,2.9291733915656275,0.000999000999000999
Irinotecan / SN-38__1.0,0.9945200338480058,0.004119230765495234,22.599493157095118,0.000999000999000999
Idelalisib__1.0,0.6552637066128215,0.0756934188494773,1.6129722248927088,0.000999000999000999
Bleomycin__0.2,0.6820418212505881,0.0401025862240224,3.6728207767641186,0.000999000999000999
Palbociclib__0.008,0.589511359769173,0.035761153899680216,1.011606634173963,0.002997002997002997
VX-702__1.0,0.6723568043721933,0.04778603637564052,3.198768733377417,0.000999000999000999
Etoposid__0.008,0.6209307220650991,0.05412038647272319,1.8805447490183103,0.000999000999000999
Dasatinib__1.0,0.9239157406334624,0.02847957234032897,10.434473878546145,0.000999000999000999
Cabozantinib maleate__1.0,0.8289398274221143,0.021611202713774518,6.047207718684383,0.000999000999000999
Irinotecan / SN-38__0.008,0.9858808916425383,0.008238413102026809,20.360443984507526,0.000999000999000999
Miglitol__0.008,0.6775294284620125,0.033382697187399196,2.819366292953822,0.000999000999000999
Paclitaxel__0.0016,0.6126008664332016,0.07622056333975695,1.7612403010727857,0.000999000999000999
Gefitinib__0.04,0.6181784643778119,0.05053805247381027,1.9704758926925559,0.000999000999000999
Gefitinib__1.0,0.65257593201828,0.04184352330435339,2.9605603776904554,0.000999000999000999
Doxorubicin__0.008,0.9519014702487578,0.022382435099691414,15.570206311715864,0.000999000999000999
Axitinib__0.008,0.6280614889179439,0.03589355472579279,2.1524478182203173,0.000999000999000999
ALISERTIB__0.04,0.9309947856233405,0.02480596228607242,16.547917443437125,0.000999000999000999
Gefitinib__0.008,0.65817214097012,0.04240478947160872,2.9258517892372575,0.000999000999000999
Oxaliplatin__1.0,0.8430497893739954,0.036306640426916295,4.846185031372407,0.000999000999000999
AZD 5363__0.04,0.662976825108869,0.05286623271354135,1.9604867922954763,0.000999000999000999
Dacarbazine__0.2,0.6168151438930304,0.03743734196692487,1.5512216510899592,0.000999000999000999
AZD 5363__0.0016,0.5474887716051337,0.042868309064271415,0.8127709046515732,0.3066933066933067
Napabucasin__0.2,0.6693258008163924,0.03677509138143089,2.5418796536791866,0.000999000999000999
Nutlin3a__1.0,0.710256129002262,0.03993270654936974,2.999460945211109,0.000999000999000999
Panobinostat__0.04,0.7758112117612371,0.05193022679195223,3.9164121027194003,0.000999000999000999
Dabrafenib__0.04,0.6719756493330269,0.04159819460109905,3.3456238103459666,0.000999000999000999
Palbociclib__0.2,0.804976143426091,0.039013193147866165,5.4118584330949275,0.000999000999000999
Idelalisib__0.0016,0.7435442835756104,0.04988607773084771,2.690623116312968,0.000999000999000999
Bortezomib__1.0,0.9939450252615103,0.005059514573721652,21.312201200583363,0.000999000999000999
Napabucasin__1.0,0.6121297744788177,0.04783069232024494,1.1620494934950611,0.000999000999000999
Binimetinib__0.04,0.7657919480506985,0.03418064468340187,3.693774180293072,0.000999000999000999
Afatinib__0.0016,0.5666676910957172,0.05535013291758637,1.3791876796764222,0.06493506493506493
Bortezomib__0.008,0.9804176595030082,0.011521592501265141,20.15379515295499,0.000999000999000999
Dacarbazine__1.0,0.5999764516401858,0.04911981247161894,1.6728431313962495,0.000999000999000999
Birinapant__0.008,0.6879363804317069,0.03517157291502155,3.1965089802865077,0.000999000999000999
MK-1775__0.008,0.6148633555853952,0.03742310843187464,2.0948103483657965,0.000999000999000999
lapatinib__1.0,0.6459960512666053,0.05648494912016975,1.8154962414275173,0.000999000999000999
Sorafenib__0.04,0.6953356845463499,0.06656017413623956,3.2519330130955875,0.000999000999000999
Regorafenib__0.008,0.5301309393774998,0.03944393866517997,0.9101272026412386,0.8211788211788211
Dasatinib__0.04,0.6524720213071799,0.028655229945266487,2.1680037554297455,0.000999000999000999
lapatinib__0.2,0.6440796974271015,0.024449492479468083,2.054788526523328,0.000999000999000999
Olaparib__1.0,0.7567718528777764,0.042511204068452345,3.9836356640112442,0.000999000999000999
Vismodegib__0.04,0.6157345723944606,0.051637179771797236,2.089676185824755,0.000999000999000999
Doxorubicin__0.04,0.9938977741433146,0.0047079418238223725,23.482712420156496,0.000999000999000999
Dabrafenib__1.0,0.8481409184620938,0.03628262558431299,6.781558118931836,0.000999000999000999
Crizotinib__0.2,0.683546649651835,0.06575084324514631,2.9028365868686405,0.000999000999000999
Venetoclax__1.0,0.7390813163486634,0.04998211205503363,4.33774843025677,0.000999000999000999
pazopanib__0.0016,0.5928607346348979,0.03543176173895222,1.5498086597688359,0.002997002997002997
Nutlin3a__0.04,0.6603165020516776,0.05589032350141395,3.116057381417061,0.000999000999000999
Docetaxel__0.2,0.9625000965446315,0.017846745563394707,16.617028477682037,0.000999000999000999
MK-8776/ SCH900776__0.008,0.704700985839273,0.06314863625245383,3.0517489325282217,0.000999000999000999
PHENFORMIN__0.008,0.6221914104930939,0.03627227799854543,3.005862544938452,0.000999000999000999
Sunitinib__0.0016,0.612708257043003,0.04399254679255177,3.2391158938194744,0.000999000999000999
PRI-724__1.0,0.6237404199931371,0.045175017048014826,2.193409712868846,0.000999000999000999
LGK974__1.0,0.6602422872229872,0.0483667283853806,2.548119193893115,0.000999000999000999
Sunitinib__0.04,0.6143599468334997,0.03164746816120905,2.577988808103887,0.000999000999000999
Doxorubicin__0.0016,0.7131734092875106,0.03688763460770084,3.526269749643785,0.000999000999000999
Methotrexate__0.008,0.8811687309219302,0.024835541616269597,9.60048267275509,0.000999000999000999
Cabozantinib maleate__0.2,0.7987327605716683,0.036970844802250116,4.140301268113099,0.000999000999000999
Docetaxel__0.0016,0.7039289477543293,0.059361663086612164,3.5791618986209173,0.000999000999000999
Birinapant__0.04,0.8715835671446752,0.019957239706015477,7.2646679165051715,0.000999000999000999
Paclitaxel__0.2,0.9442870321106547,0.018963882292692132,15.272561461282987,0.000999000999000999
pazopanib__0.008,0.6134724017357845,0.05145636063404073,1.6742768074607248,0.000999000999000999
Dabrafenib__0.008,0.7164352244693382,0.05411218715690856,4.574871068651084,0.000999000999000999
Mitomycin C__0.008,0.7972497700356053,0.04124619713882602,6.07454337112335,0.000999000999000999
Mitomycin C__0.0016,0.8239741674238994,0.028701653450632972,5.6475326045251855,0.000999000999000999
Doxorubicin__1.0,0.9910525925158588,0.00985438771114429,15.511284043563748,0.000999000999000999
Paclitaxel__0.008,0.7758290051903167,0.07224532842968039,4.489136497285619,0.000999000999000999
GSK2636771__0.0016,0.587345974791942,0.03924436605314095,1.7318664108296384,0.006993006993006993
ruxolitinib__0.0016,0.7195458795214359,0.033847783035561255,4.116531391787949,0.000999000999000999
Olaparib__0.008,0.6659369998800326,0.03603758071645925,3.851258182190671,0.000999000999000999
MK-8776/ SCH900776__0.04,0.6548365102076963,0.037829453592958466,3.7435346200387,0.000999000999000999
Fludarabine__1.0,0.7373434945306638,0.055352050437355596,3.3908810010174526,0.000999000999000999
VX-702__0.04,0.6142059071061303,0.05639752951795126,2.640429905482469,0.001998001998001998
Miglitol__0.04,0.6991298965926698,0.058784127907649045,5.520971307013175,0.000999000999000999
Mitomycin C__0.04,0.9367984522397406,0.019007195777229022,13.405511405197938,0.000999000999000999
Dabrafenib with Trametinib__0.2,0.9585786017452301,0.01656971652843738,9.812024809216803,0.000999000999000999
Birinapant__1.0,0.7771634855011647,0.051375177355811465,5.762278679673291,0.000999000999000999
Dabrafenib with Trametinib__1.0,0.9649826767570904,0.022206700297473323,10.377670364239854,0.000999000999000999
Regorafenib__1.0,0.9257857408280599,0.02195316415094213,9.649380344354922,0.000999000999000999
Trifluoridin/Tipiracil__0.04,0.6431794588272954,0.050280128823486356,2.1571206877947127,0.000999000999000999
Napabucasin__0.0016,0.630286104765384,0.02122203976771665,1.3036319438909996,0.000999000999000999
Oxaliplatin mit 5-FU + Gefitinib__1.0,0.8429235849080152,0.03421227752818276,6.619994395053386,0.000999000999000999
Irinotecan mit 5-FU + Gefitinib__0.2,0.9527539791840945,0.015309012578505686,14.469242678553071,0.000999000999000999
Volasertib__0.0016,0.6538824532869155,0.06589478196603282,1.299411404758859,0.000999000999000999
17AAG__1.0,0.9772967222134199,0.011562208829581032,14.81688825169073,0.000999000999000999
Axitinib__1.0,0.8653861491599237,0.030737635794520244,12.515419178348909,0.000999000999000999
Miglitol__0.0016,0.6342252153403567,0.04701724770867192,2.5891087172933926,0.000999000999000999
Crizotinib__0.0016,0.5812983499390902,0.04781403118630327,1.0505447912805697,0.01098901098901099
Cabozantinib maleate__0.008,0.6862733161279897,0.04602954415569753,2.2543666340412223,0.000999000999000999
Ponatinib__0.0016,0.5983852287527884,0.08339093355545914,1.4083027207670016,0.002997002997002997
AZD 4547__1.0,0.9177401748213085,0.02422322233799781,12.181216825502085,0.000999000999000999
Sorafenib__0.2,0.7466899825989356,0.03904024977748729,2.742304244708227,0.000999000999000999
Sorafenib__1.0,0.9276921286686413,0.014476502216943375,8.54701120320974,0.000999000999000999
Fludarabine__0.2,0.6513729334849467,0.030143853569705153,1.5134488927307541,0.000999000999000999
ruxolitinib__0.008,0.7367525426951993,0.019818895385348177,4.753030070576131,0.000999000999000999
Mitomycin C__1.0,0.9811453614112073,0.013128458995209542,22.029490796952174,0.000999000999000999
Fludarabine__0.0016,0.5653231697308561,0.049730385975385774,1.3891963466828179,0.03696303696303696
Sunitinib__0.2,0.7454061715395615,0.047173499594265686,4.024504787292939,0.000999000999000999
ALISERTIB__0.2,0.9700041102295918,0.008812910728444374,19.22515733617064,0.000999000999000999
Oxaliplatin mit 5-FU__0.0016,0.6419926474379561,0.03801682036049593,3.0662257633086405,0.000999000999000999
Miglitol__0.2,0.5669797904430787,0.06727173312021471,1.2810402543405865,0.027972027972027972
Defactinib__0.2,0.6298763641929093,0.05352432165409229,1.7892730891323303,0.000999000999000999
PRI-724__0.2,0.6187636279502401,0.060280096300230034,2.2662581018036883,0.000999000999000999
5-FU__1.0,0.8458034030408494,0.03411952975951786,5.436966991886795,0.000999000999000999
ALISERTIB__1.0,0.9652385478481331,0.011477401551404032,18.156764506410763,0.000999000999000999
Panobinostat__0.2,0.9921540932855265,0.005401505475002605,21.486585415121024,0.000999000999000999
Fludarabine__0.008,0.5633194146835778,0.04178277497957487,0.8822118982091586,0.04895104895104895
AZD 5363__1.0,0.8017719522819592,0.030356070019469675,3.1359216965525776,0.000999000999000999
Oxaliplatin__0.008,0.687844433122464,0.024834188061424536,4.636831887877987,0.000999000999000999
Erlotinib__0.2,0.7095847017376222,0.058043635302167405,3.0140313791278412,0.000999000999000999
Regorafenib__0.2,0.642103646321263,0.05295309694946641,1.8058841982522351,0.000999000999000999
MK-8776/ SCH900776__0.0016,0.6120822618236408,0.03357214234057317,2.6398501672249814,0.000999000999000999
Trifluoridin/Tipiracil__0.008,0.5863767401050853,0.0484677110772988,1.4452444605473542,0.004995004995004995
17AAG__0.008,0.5375371213958209,0.02753268153762769,0.8813140530462322,0.6723276723276723
Gefitinib__0.2,0.6178318806454135,0.049354997463852135,2.5293749744788836,0.000999000999000999
Binimetinib__0.2,0.8880113099980292,0.03188832463123525,5.830440121028881,0.000999000999000999
PRI-724__0.008,0.658297930047046,0.05137869718694677,2.8926239413632673,0.000999000999000999
sonidegib__0.04,0.5819370987245187,0.05783520284328017,1.550272673632963,0.006993006993006993
Bleomycin__0.04,0.6317525625389561,0.08193637781267332,2.369274360414947,0.000999000999000999
5-FU__0.0016,0.5887185320101779,0.06695807619447736,1.9367012523010891,0.003996003996003996
Bortezomib__0.04,0.9914028165009023,0.00695688574973351,20.927407471249523,0.000999000999000999
Palbociclib__0.04,0.7038218651876152,0.07254584742159462,4.033513419993268,0.000999000999000999
Nutlin3a__0.2,0.7970635902726901,0.04048435449566132,4.884192709801711,0.000999000999000999
17AAG__0.2,0.7688378499028048,0.041705887441129165,4.4128286981574005,0.000999000999000999
MK-8776/ SCH900776__1.0,0.6358901664229366,0.04982490796205541,1.6613389218942063,0.000999000999000999
Bexaroten__0.0016,0.5821127015426161,0.030125455163289294,1.6031218738889919,0.00999000999000999
Vismodegib__0.0016,0.5692417171885045,0.053653704607141264,2.2040838577496404,0.03196803196803197
MK-8776/ SCH900776__0.2,0.6086516866695074,0.0432210776838646,2.493997363345463,0.000999000999000999
Nutlin3a__0.0016,0.6471110407365143,0.06286819660079554,2.420696943420387,0.000999000999000999
Volasertib__0.2,0.9079167271050876,0.027125760638166362,8.925053452077867,0.000999000999000999
Vismodegib__0.008,0.7488105302598118,0.052719898816127375,4.677532700394116,0.000999000999000999
Vorinostat__1.0,0.9906029644433104,0.01323020279251331,22.6174772938914,0.000999000999000999
PHENFORMIN__0.2,0.764084326354872,0.0361821797336008,3.034965915079153,0.000999000999000999
Oxaliplatin mit 5-FU__1.0,0.8389021428080443,0.06702948729497095,5.654668609338431,0.000999000999000999
Alpelisib__0.2,0.6762206400208167,0.022610326885554335,2.235638672520523,0.000999000999000999
Vinblastin__1.0,0.967541625819244,0.015490727499619775,15.785617864870956,0.000999000999000999
pazopanib__1.0,0.6117917746438257,0.07677826435463651,1.5424089009325717,0.000999000999000999
Everolimus__1.0,0.624161747260205,0.03680813854230942,1.8732523480687029,0.000999000999000999
Everolimus__0.008,0.6019860753751898,0.06508744331776804,1.3796496175489072,0.000999000999000999
Ponatinib__1.0,0.871727615068623,0.01957154391228331,9.231232108377899,0.000999000999000999
Sunitinib__1.0,0.8799714199196738,0.0178029657855697,10.139042162042891,0.000999000999000999
Crizotinib__0.008,0.6253787240340413,0.03696049464464115,2.066121984935706,0.000999000999000999
Oxaliplatin mit 5-FU__0.2,0.7892573292308305,0.05291252262612095,5.907658137458911,0.000999000999000999
MK-1775__0.2,0.9822876251205843,0.01039027369647178,19.88312641993075,0.000999000999000999
Axitinib__0.0016,0.7065887860983018,0.04109211135055409,3.4987810119301646,0.000999000999000999
YM155__0.0016,0.5871681275107775,0.0483765127815901,1.2751756759383637,0.003996003996003996
Erlotinib__1.0,0.723648155328773,0.06569453317698656,4.202247113301189,0.000999000999000999
lapatinib__0.0016,0.5994998719685894,0.020414074951434085,1.9432583973389468,0.000999000999000999
Mitomycin C__0.2,0.9777428619695095,0.008207038004432413,17.37377080262444,0.000999000999000999
Dabrafenib__0.0016,0.5656806303747289,0.04697358199942256,1.2748941845154467,0.053946053946053944
Methotrexate__1.0,0.9376597907845403,0.028834859339095645,12.028412101803642,0.000999000999000999
Ponatinib__0.2,0.7374965262842452,0.05823595199540677,3.823072913682665,0.000999000999000999
Gemcitabine__1.0,0.9848599435544221,0.010098776313374507,17.91344357015469,0.000999000999000999
Docetaxel__0.008,0.7557883695166384,0.07140392078373166,5.278646224910237,0.000999000999000999
Oxaliplatin mit 5-FU + Gefitinib__0.008,0.6361958596385686,0.07621551558350477,1.7158043298762047,0.000999000999000999
Taselisib__0.0016,0.6515592356851785,0.050408121691465003,2.0540581034588214,0.000999000999000999
LGK974__0.04,0.6569406689594248,0.07301119228090808,2.0078603208451513,0.000999000999000999
Vinblastin__0.04,0.95062541208293,0.018551607302803173,13.341524531288636,0.000999000999000999
Crizotinib__0.04,0.6517068319133458,0.07618062854545579,3.02618824744747,0.000999000999000999
Vorinostat__0.2,0.9890975126272312,0.016365463261921235,21.7009567256382,0.000999000999000999
AZD 4547__0.008,0.6360907011690669,0.04396478908563132,1.7703521392406063,0.000999000999000999
PRI-724__0.04,0.6259795442268496,0.046124563780812,1.9430894994124677,0.000999000999000999
Binimetinib__0.008,0.7089729847083219,0.04549724119974491,2.886914560656347,0.000999000999000999
Irinotecan mit 5-FU__0.04,0.9481312903768091,0.02069250946590448,14.56714952114342,0.000999000999000999
ruxolitinib__1.0,0.9806740031243457,0.01112075643469508,18.403446519283325,0.000999000999000999
Irinotecan mit 5-FU__0.008,0.8258921433816608,0.036689678445317335,5.540542481702886,0.000999000999000999
ALISERTIB__0.0016,0.5401768476857604,0.04612799238111542,2.0918636357879725,0.6033966033966034
Defactinib__0.008,0.6698101068953505,0.055659426728708696,2.231985758330642,0.000999000999000999
Irinotecan mit 5-FU + Gefitinib__1.0,0.9860025298214532,0.008648554801339163,18.51903733278882,0.000999000999000999
Dasatinib__0.2,0.7574842014494517,0.05370034604139603,2.8198165661106174,0.000999000999000999
lapatinib__0.008,0.8000124743945406,0.03255656373667877,11.317049259142106,0.000999000999000999
Everolimus__0.04,0.7562441271557695,0.04046250262052633,6.032261744659096,0.000999000999000999
AZD 4547__0.04,0.5741787304836086,0.04583022845144535,1.7088313182225192,0.03996003996003996
sonidegib__0.008,0.7347499047253978,0.04546952174797291,3.4983515798471507,0.000999000999000999
Vinblastin__0.008,0.9200169084775368,0.04280490978129041,12.665224927088984,0.000999000999000999
Sunitinib__0.008,0.5653102536173206,0.042294516341019314,1.0011258495828863,0.03896103896103896
Irinotecan mit 5-FU__0.2,0.9801205256656482,0.018627086097697438,17.267353857162778,0.000999000999000999
Dacarbazine__0.0016,0.597418746857526,0.06599178190442065,1.7747379245800605,0.000999000999000999
Olaparib__0.04,0.5830156294322576,0.05727136956890328,1.5370459992482073,0.001998001998001998
Nutlin3a__0.008,0.6797087356459914,0.044610833215356034,3.1111782771459393,0.000999000999000999
VX-702__0.008,0.5382503404808386,0.04393031380463467,0.6346343870092193,0.6033966033966034
Oxaliplatin__0.2,0.7313737782897046,0.059981837911614044,3.0320760554413937,0.000999000999000999
Dabrafenib with Trametinib__0.0016,0.630170849397375,0.05419476057812565,2.5899175413110185,0.000999000999000999
PHENFORMIN__1.0,0.8962317115042948,0.03263846187081264,8.605570378070347,0.000999000999000999
Axitinib__0.04,0.742105681668509,0.05538839778740616,3.351391364738384,0.000999000999000999
Vismodegib__0.2,0.6913369088339073,0.04577953695542227,1.6648586712538058,0.000999000999000999
Paclitaxel__1.0,0.9661883954821834,0.015882106044611623,16.977846782137128,0.000999000999000999
Axitinib__0.2,0.9359450233666197,0.013832303903679696,17.291655352591345,0.000999000999000999
Volasertib__0.008,0.9828876691680456,0.00879394024683972,17.7434981778024,0.000999000999000999
Alpelisib__1.0,0.7906838737141811,0.023884731590380435,3.8070580300122914,0.000999000999000999
Gemcitabine__0.008,0.6672971994315858,0.027940183990724052,2.4735258066677064,0.000999000999000999
LGK974__0.2,0.7334470267469685,0.059618963853495154,3.453166286632458,0.000999000999000999
Vismodegib__1.0,0.6279728053452526,0.04562731698009644,2.4680717734181705,0.000999000999000999
AZD 5363__0.2,0.8968045167377625,0.023065637012568786,5.9403136953102775,0.000999000999000999
Defactinib__0.04,0.7534008695422265,0.036198169607343206,8.85019441248985,0.000999000999000999
Idelalisib__0.04,0.6720680070548541,0.0515137627816269,2.1171786061250173,0.000999000999000999
LGK974__0.008,0.5936606754005236,0.057331463383471115,1.9490549764154619,0.003996003996003996
Alpelisib__0.04,0.6398008780433535,0.056440416284802855,1.961994086864901,0.000999000999000999
Napabucasin__0.04,0.5852880402519648,0.035453400869326177,2.124746994651658,0.001998001998001998
ruxolitinib__0.2,0.667022225624463,0.10251216694086038,2.1232725532803705,0.000999000999000999
Oxaliplatin mit 5-FU__0.008,0.5492663063766547,0.041278288899523834,1.3147441947256322,0.27472527472527475
Oxaliplatin__0.04,0.6368777213434252,0.06175643203762899,2.3652755962311836,0.000999000999000999
Ponatinib__0.04,0.58254218349519,0.030025148817292985,1.4448140829126899,0.002997002997002997
Fludarabine__0.04,0.6174004057486021,0.048217782483835646,2.128616434233198,0.000999000999000999
Birinapant__0.0016,0.5614287672361096,0.0548344711850872,1.531501535630623,0.056943056943056944
MK-1775__1.0,0.9893346961902368,0.007853975364464161,22.27856966183938,0.000999000999000999
Methotrexate__0.04,0.9046276671967576,0.02464736299266734,9.042521095900184,0.000999000999000999
17AAG__0.04,0.6330042511987038,0.07034461818882116,2.7464552263400663,0.000999000999000999
Etoposid__0.2,0.9127240717986302,0.022830011587130324,10.450872936311526,0.000999000999000999
GSK2636771__0.04,0.6078597494563661,0.07232536877590799,2.088191898135914,0.001998001998001998
Binimetinib__0.0016,0.6729846884060807,0.03889460630056808,2.502744352845279,0.000999000999000999
Binimetinib__1.0,0.9468391879537481,0.02983578257627673,10.701124621669244,0.000999000999000999
Dabrafenib with Trametinib__0.008,0.8341631157381958,0.030501759134579677,5.298703601564155,0.000999000999000999
Volasertib__1.0,0.9780326400835186,0.010149916392895737,20.80865825691608,0.000999000999000999
sonidegib__1.0,0.8057041890175771,0.032889516375447556,6.40607540177035,0.000999000999000999
Panobinostat__0.0016,0.6178494225655854,0.043792085892997094,1.54066414098546,0.000999000999000999
Dacarbazine__0.008,0.740064865133154,0.048020153381441485,3.310276444153779,0.000999000999000999
Trifluoridin/Tipiracil__0.0016,0.750396198664577,0.043068224999582454,4.388753519369932,0.000999000999000999
Bortezomib__0.0016,0.5924692230453822,0.04089858825580285,2.0018870281155654,0.003996003996003996
Vorinostat__0.04,0.745360673088986,0.046383332233447136,2.4523003520739124,0.000999000999000999
Trametinib__0.2,0.9770589560612055,0.01485390100836919,10.03367368704173,0.000999000999000999
Bexaroten__0.2,0.7319582035580594,0.05533296599738333,4.6108948024385334,0.000999000999000999
Taselisib__0.04,0.7687105573284103,0.05770063754406538,2.986837945642562,0.000999000999000999
Doxorubicin__0.2,0.9934440353367169,0.006591795632184107,18.208533519487265,0.000999000999000999
Gemcitabine__0.2,0.9837553690636287,0.010352262223702495,18.13221124361832,0.000999000999000999
Irinotecan / SN-38__0.0016,0.9418752746508122,0.033445481886750165,13.097673400008315,0.000999000999000999
VX-702__0.0016,0.744885596724995,0.04440785906078022,4.211161704011233,0.000999000999000999
Methotrexate__0.2,0.9037262575091443,0.04330238518763421,10.025084134423082,0.000999000999000999
Miglitol__1.0,0.5929104178503881,0.05914177041368327,1.2372843569239445,0.001998001998001998
Trifluoridin/Tipiracil__0.2,0.7355251274292407,0.07063289998088915,4.388506287198506,0.000999000999000999
Panobinostat__1.0,0.9929709792179059,0.007187287431970708,22.104175069854627,0.000999000999000999
Bleomycin__0.0016,0.7081820549635884,0.06389166229881131,3.620493759968912,0.000999000999000999
Napabucasin__0.008,0.6389796808935031,0.05166504619444781,1.6840599516505534,0.000999000999000999
GSK2636771__1.0,0.8065677570814087,0.03183121676089314,4.7797980799633635,0.000999000999000999
Trametinib__0.04,0.9230137849607797,0.03736469274634796,5.653954300045216,0.000999000999000999
