id,factor1
ZSCAN18,-0.019880858032207436
ZSCAN12,-0.1435880484658942
ZPLD2P,-0.36416422016122196
ZNRF2P1,-0.29526380404424596
ZNRF1,0.15363850858716013
ZNHIT6,0.009414794357641957
ZNF93,0.16211710171978438
ZNF880,0.11210531959058175
ZNF879,0.12983581403344885
ZNF853,-0.16660634372911967
ZNF852,0.11457409701114325
ZNF85,-0.01651208711616349
ZNF846,-0.06943328407171835
ZNF83,0.05364536838455164
ZNF829,-0.060051461891327255
ZNF814,0.2418427945918648
ZNF813,0.4044646427666961
ZNF8,0.4264131404200181
ZNF793-AS1,0.21566277159670044
ZNF793,0.25652590163990346
ZNF785,-0.22862758412550813
ZNF770,0.10149325373556846
ZNF738,0.23491834596890374
ZNF736,0.018353473044864472
ZNF731P,0.17941466281141968
ZNF718,-0.1728893422181148
ZNF711,0.0029083595408518695
ZNF709,-0.08150152370945889
ZNF704,0.014287157833001392
ZNF702P,-0.20609707694472423
ZNF701,0.3906442650514965
ZNF682,-0.15748048287623173
ZNF681,0.046819783898416185
ZNF675,0.006801030840308163
ZNF662,0.10080381872353808
ZNF655,-0.05536355935114805
ZNF625,0.19368313848880203
ZNF618,0.25958090075134854
ZNF616,0.3248276128246096
ZNF610,-0.03915107984370506
ZNF606,0.1939614155031743
ZNF594,-0.32945379376355277
ZNF586,-0.1590838968191392
ZNF570,0.09511620355101526
ZNF569,0.03293023372597787
ZNF568,-0.15435181273255758
ZNF559,0.12177994599973363
ZNF556,-0.30335722120577113
ZNF550,0.19806856454888905
ZNF532,0.059054786489511964
ZNF529-AS1,0.0661623242935779
ZNF518B,-0.27888051144410125
ZNF512B,-0.24820713817555431
ZNF506,0.41143837582118814
ZNF503-AS1,0.0169107079035159
ZNF501,0.02262496635922068
ZNF493,-0.09090454932753937
ZNF492,-0.31833773822359607
ZNF486,0.05009512307256289
ZNF483,0.08826424797123412
ZNF480,0.32733977237758655
ZNF441,0.025152048524944414
ZNF439,-0.07073929465218375
ZNF43,0.10714143812397853
ZNF429,-0.3100231091413857
ZNF423,0.14075418396048234
ZNF415,-0.07487567539081905
ZNF404,0.1609120402861505
ZNF396,0.00911639705367781
ZNF37BP,0.12888499733342423
ZNF37A,-0.03757803400299685
ZNF365,-0.04973277948550668
ZNF354C,0.19285222517870035
ZNF350,0.19788571163344934
ZNF347,0.3035780976667538
ZNF345,0.013062226493510501
ZNF334,0.012199693351800227
ZNF333,0.11310508285788218
ZNF331,0.17139315290006424
ZNF329,-0.018851361763072807
ZNF321P,-0.16023756598043404
ZNF320,0.007947600446496972
ZNF311,0.08831556948100835
ZNF304,-0.2732811865891441
ZNF300,-0.2883637571802015
ZNF285,0.1914699502540823
ZNF264,0.08030157425464164
ZNF256,0.11077546049673898
ZNF254,-0.1549751489905761
ZNF24,-0.06310473794326261
ZNF233,-0.037524954250407666
ZNF215,0.09266224707730619
ZNF214,0.02996975282249882
ZNF177,0.1250810852366874
ZNF141,0.02229956360002917
ZNF134,0.1614096283797936
ZNF124,0.3886859038438656
ZNF117,0.06925085805627773
ZNF114,-0.06295957865613755
ZMYND8,0.11082275171003543
ZMYND12,0.15003243406967778
ZMYND11,-0.02818327230963557
ZMYM2,0.1214541875428964
ZMAT3,0.5476959565325442
ZKSCAN7,-0.25405711799606484
ZIC5,0.1302923853889249
ZIC2,0.4027614606272452
ZG16B,-0.009684135949020739
ZFYVE28,-0.2058974244785918
ZFYVE16,0.23387440347353333
ZFY-AS1,-0.11661152661336556
ZFY,-0.33648844069564277
ZFP82,0.04834266867229681
ZFP69B,0.022569341842166333
ZFP42,-0.09550281889085302
ZFP37,-0.07745417436203092
ZFP36L1,0.3782840533754733
ZFP28,-0.16826837759734609
ZFP2,0.1294014354913434
ZFAND4,-0.13865251188679142
ZFAND2A-DT,-0.07570464261691721
ZEB1-AS1,-0.06803764307687259
ZDHHC2,-0.15696246840455313
ZDHHC11,-0.15260169954151384
ZDBF2,0.2284292180733544
ZCCHC24,0.3334428912300754
ZCCHC18,0.13675935950503404
ZCCHC12,-0.22718573485457383
ZC3HAV1L,0.3104683070166895
ZC3H6,0.050865841673184094
ZC3H14,-0.03309796684660332
ZC3H12D,-0.07482784262645721
ZC3H12C,-0.0815481033628062
ZC2HC1A,-0.2127786656176957
ZBTB7C,0.09475163954215052
ZBTB47,-0.016484359073824416
ZBTB46,0.6317936944169852
ZBTB44,-0.3278618593945109
ZBTB37,0.2644317748636286
ZBTB20,-0.0949972466663621
ZBTB10,-0.39737967890752157
ZBTB1,0.18956183764435375
ZBED9,-3.263378184245439e-4
ZBED3-AS1,0.019534262904896328
ZBED2,-0.038304693548306325
ZAP70,0.08717920977040858
YTHDC2,0.28090449499877845
YTHDC1,0.0701227757167834
YOD1,0.19470481360797498
YJEFN3,0.12904921882566814
YAF2,0.26346167867047654
XRN1,-0.16049423679100816
XRCC4,0.5412908922307623
XPO7,0.028096554442827847
XPNPEP2,-0.3729286089415448
XK,-0.7183515502282948
XIST,0.324500105132271
XGY2,0.16175620382353117
XG,0.11646080732906967
XDH,-0.3579268346687969
XCL1,-0.4216436867833123
XAGE2,-0.21171660487770588
XAF1,0.006400510236014026
WWTR1,0.3214790702763855
WWC2,0.12373446907566966
WT1,0.6314630399231808
WSB1,0.07652553681253846
WNT6,0.16069519082714792
WNT5B,0.7077370449564242
WNT4,0.14386624713391877
WNT3,-0.04831703385573727
WNK1,0.05739923562963401
WIPF3,-0.5112099250133478
WIPF1,0.2166180544481327
WIF1,-0.4167319894827876
WFDC2,0.17890086343147718
WFDC11,0.055552371885722825
WDR72,-0.663830906406136
WDR33,-0.49606845307667063
WDR31,-0.019941689457623302
WDR19,-0.031025570160543574
WDHD1,0.5615918409163535
WDFY3-AS2,-0.15592985348779642
WDFY3,-0.30854532724689065
WDFY2,0.2668969517811319
WASIR2,-0.2728491923229945
VWDE,-0.0653466576718175
VWCE,0.3241564477717126
VWA5A,-0.426602089164284
VTN,-0.0381505557001163
VTCN1,0.21992523498553979
VSNL1,0.3281105671561694
VSIR,-0.35057458457931007
VSIG2,-0.41395808507873916
VSIG10L,-0.12640955834382211
VRK1,0.26766880079566907
VPS8,-0.10917849376981367
VPS50,-0.12396093815840871
VPS35L,0.2644819006159056
VPS13C,-0.01046659535162789
VNN1,-0.11675314859723607
VMP1,-0.20691330769611202
VMO1,-0.08695583775784875
VLDLR-AS1,-0.019140872377341606
VLDLR,-0.11324153553975408
VGLL3,-0.0900307280230887
VGLL1,-0.0875730805208815
VENTX,0.4244445094578031
VCAN,0.13203902548920846
VAV3,-0.20441457195779514
VAV1,-0.1443487425446363
VASH2,0.5950417703956632
VAPB,0.0938155532919157
VAPA,0.17669697211683988
VANGL2,0.5286548123827773
VAC14-AS1,-0.0460151879440428
UTY,-0.26403709850033946
UTS2,-0.0438889334104582
UTRN,0.4530754750945772
UST,0.03514551598526035
USP9Y,-0.2960222852532568
USP7-AS1,0.12927623504157293
USP6,-0.021976997744768936
USP53,0.13437373598056376
USP47,-0.03122760052792666
USP46-DT,-0.06765638374496341
USP34-DT,-0.42306366660104894
USP31,-0.2646322322412147
USP2,0.03505993611233566
USP13,0.343322124952269
USB1,-0.12493720439728657
UQCRB,-0.11111301631613765
UPK3A,0.13535611967803052
UPK1A,0.06661723343629793
UNC93A,0.1369928085185016
UNC5A,-0.3055317615957076
UNC13A,-0.2525142605268099
ULK2,0.2519153670461922
UGT2B17,-0.1555788383372586
UGT2B15,-0.13154459254992257
UGT2B11,-0.10663546251649621
UGT2A3,-0.2788448930307244
UGT1A8,-0.3980962980138401
UGT1A7,-0.29105355995272136
UGT1A10,-0.508898429987712
UCP2,0.070668030971511
UCN,-0.07662320809300002
UCHL1,-0.6392351989172741
UBXN10,9.290773499121202e-4
UBE2QL1,0.09024118323534322
UBE2E2,-0.2149957675914958
UBE2D3,0.034242631430214804
UBE2B,0.1291204168489631
UBASH3B,0.09210962427712246
U2AF1,0.13240854516731373
U2,-0.004840912143674425
TYRP1,-0.4567367136663778
TYRO3,0.07459215631893844
TXNL1,0.07493340839786626
TXLNGY,-0.19175502768495173
TWIST1,-0.2205501487829511
TUT4,0.048135044930718386
TUSC8,0.11898403469712585
TUBGCP3,-0.1932326725972591
TUBBP5,0.29999669768433457
TUBB6,0.10941692653655757
TUBB2B,0.2799010901551671
TUBAL3,0.04461829776567865
TUBA1A,-0.06218960097367146
TUB,-0.0525867964015115
TTYH1,-0.039988341962821285
TTTY2,-0.2467154116077057
TTTY14,-0.038389545723157156
TTPA,-0.14192869076116205
TTN-AS1,0.055040453824315674
TTC9,0.18168734203359482
TTC7B,0.05980093358992349
TTC7A,-0.12282666122357479
TTC5,0.4205390691676201
TTC39A,-0.6836906829297696
TTC37,0.13439571399557
TTC30A,-0.52009353575041
TTC28,0.05931873310482402
TTC23,-0.26711069850417074
TTC22,-0.3554066301525339
TTC14,-0.13488803337797525
TTBK2,0.04500227029594047
TSPYL5,-0.3593681112194457
TSPOAP1,-0.36431408939355686
TSPAN7,-0.36871846029619526
TSPAN4,0.1165256822219151
TSPAN2,0.2059941551614074
TSPAN12,-0.4150147529899984
TSNARE1,0.06143340230663905
TSIX,0.3352830467778137
TSGA10,-0.1732318334744226
TSC22D2,0.20772982118072045
TSC22D1-AS1,-0.01844431105844354
TSC22D1,0.5344074994994308
TRPS1,-0.011145153594520962
TRPM8,-0.009121636808183576
TRPM6,-0.6109336352488025
TRPM3,0.08399072862714149
TRPC1,-0.3616428127836165
TRPA1,-0.11708023846747016
TRMT9B,-0.06277870126611906
TRMT13,-0.0413017182353269
TRIP6,0.49097900858735105
TRIP11,0.06461217835984395
TRIM71,0.3808884018783531
TRIM7,0.038027993424687344
TRIM6,0.0662307136049786
TRIM58,-0.05915675478648923
TRIM36,-0.6541241411599537
TRIM33,0.10423468142535156
TRIM31,-0.09981621381158304
TRIM24,-0.03158499052237172
TRIM22,0.5341435060159366
TRIM2,-0.2003118190999488
TRIM13,0.07349295432661575
TRIL,-0.027435266758551676
TRIB2,0.07791027400068454
TRHDE,-0.4724556338812053
TRERF1,0.5327906260649027
TRDC,0.7406452495566208
TRBC1,0.1631089329638914
TRAV39,0.46762651674926925
TRAM1L1,-0.03327008855635316
TRAC,0.30952988663380465
TRABD2A,-0.14688063554089834
TPR,0.19746067083061433
TPP2,0.03367004894030072
TPM3P4,-0.06559023506256471
TPM2,-0.4153787418426386
TPK1,-0.03715348668651181
TPH1,-0.06724931007740104
TPBG,-0.3400272532502987
TP73-AS1,-0.3155711783418345
TOX2,0.045976099060495296
TOX,-0.22396390620762155
TOR4A,0.10459706403809448
TOR1AIP2,0.19470726310397557
TOMM20,0.10277328391091568
TNPO1,-0.12307223500515994
TNNC1,-0.17718101543766693
TNN,-0.04535102665268549
TNMD,-0.2572130927389139
TNFSF9,0.5887256398296811
TNFSF15,-0.02786145307280926
TNFSF13B,0.04557516011519213
TNFSF10,-0.008310311101729684
TNFRSF9,-0.09331408034513221
TNFRSF6B,0.19044830049199607
TNFRSF19,0.5990863964255849
TNFRSF11B,-0.054858840444568416
TNFRSF11A,-0.10667994912866331
TNFRSF10C,0.892063390917277
TNC,0.17743756012285145
TMSB15B,0.054814978094771406
TMSB15A,0.09792116901354579
TMPRSS3,0.1240269057541962
TMPRSS11E,0.15341171179617227
TMOD2,-0.41121871576070157
TMEM87A,-0.23591705924232662
TMEM72,0.03766681642004856
TMEM67,0.1062909870085841
TMEM64,0.18381325857491826
TMEM63C,-0.2749041656460861
TMEM51-AS1,-0.09835339891165375
TMEM47,-0.07851096400992325
TMEM37,-0.09048160626852869
TMEM35A,-0.23000506446714294
TMEM255B,0.023073903658264828
TMEM252,-0.17570588714946256
TMEM238L,-0.45323663725924646
TMEM237,0.405647184703167
TMEM220,-0.019884815068799414
TMEM213,-0.2950704559326375
TMEM200A,-0.5098723337542554
TMEM178B,-0.27467016699360014
TMEM178A,-0.24072450030932716
TMEM171,0.09426469436085108
TMEM170B,-0.4106266287664815
TMEM167B-DT,-0.4006928463000967
TMEM165,-0.014657539778433376
TMEM163,0.4931621232643659
TMEM161B-AS1,0.26690780041960793
TMEM154,0.2452407128596657
TMEM150C,0.1171084589902266
TMEM144,-0.3059511668212832
TMEM132D-AS1,-0.20299495114403587
TMEM131L,0.44703504516749654
TMEFF1,-0.04528171573495507
TMED4,-0.02365182925639744
TMCC3,-0.4211997007107654
TMCC1,0.38780085893959426
TMC7,0.026141904096152965
TMC5,0.0031205557365234448
TM7SF3,0.7286092583448972
TM4SF4,0.03077317931389746
TM4SF20,-0.2964241994480569
TM4SF18,0.20091645158818738
TM4SF1,0.09006897379361439
TM2D3,0.05969723164798722
TM2D1,0.10914980339064428
TLX1,0.020401107518325835
TLR4,0.4351434689782078
TLR3,-0.021384922820908425
TLE4,0.05411554015946695
TLCD5,-0.021029799135085136
TLCD4,-0.5461669706606266
TLCD2,-0.3241126488281633
TKTL1,-0.2162226214260206
TIPRL,0.4100134027973019
TINCR,-0.1924245489875812
TINAG,-0.4167596708622957
TIMP4,-0.19749873502785387
TIMP3,0.5281148692895328
TIMP2,-0.1684258556504209
TIGD7,-0.1552609604369855
TIAM1,-0.09083119095510746
THSD4,0.057133995632533435
THRSP,0.0066099172191959365
THRB,-0.13538514076481653
THNSL2,-0.43985535072541193
THNSL1,0.011698472311453396
THEMIS2,-0.24102660466561387
THBS2,-0.3707071835712879
THBS1,-0.15371732939376828
THAP7-AS1,-0.3623952095664401
THAP5,0.11952907006925305
THAP2,0.05002315357635171
TH2LCRR,0.16680008087336062
TH,0.2094492701897101
TGM3,0.1510110375222098
TGM2,0.0477731536845868
TGFB2,0.002758585493609314
TGFB1,0.07241427812449194
TFPI,-0.5368012931146731
TFF3,0.29542858300380614
TFF2,0.3333667055192513
TFF1,0.31429772385015975
TFAP2C,0.07689846165391766
TFAP2A-AS1,0.23858794407780323
TEX9,0.17801989190623344
TEX15,-0.5126725234588988
TET2,0.1326310219881687
TET1,0.32480831009849964
TERF2,0.1812162238456472
TENT5C,-0.007551390828558039
TENT5B,-0.08930847854316057
TEAD2,0.17082475977381353
TDRP,0.010758224405685244
TDRD5,-0.4540793463339445
TDO2,0.8210481461216916
TDGF1,0.05409078355583442
TCTN3,0.4533838378888177
TCP11L2,-0.181118809564242
TCP11L1,0.09514469977121424
TCN1,-0.16410923600534286
TCIM,0.11191017265154148
TCHH,0.1615843939698899
TCF4,0.1865997920077891
TCEA3,-0.07265859670046614
TCEA2,0.517684339306374
TBXAS1,-0.08949556408387466
TBX18,-0.10513286300859723
TBL3,-0.33292939207969074
TBL1X,-0.609925571860999
TBILA,-0.05814610955498343
TBC1D9,-0.0857502606257431
TBC1D32,0.03586388468063864
TBC1D31,0.4887056835406658
TBC1D1,-0.22793814195818962
TAS2R14,-0.08571066995710716
TARDBP,0.1656280270767102
TANK,0.029165770844603676
TAGLN,3.8424053237508704e-4
TAF15,0.08434951889849701
TAF13,0.17993432085792094
TAF10,0.26258174211987234
TADA2A,-0.01173782150900664
TACSTD2,-0.5413221072471123
TAC1,0.04020740989692604
SYTL5,-0.002876952791398886
SYTL2,-0.07600330224586496
SYTL1,-0.31162037901349676
SYT9,-0.14235812255536942
SYT16,-0.1882939895241758
SYT13,-0.03425990268872234
SYT11,0.02531722992965692
SYT1,-0.3047174409392829
SYNPR,0.09762449368021511
SYNGR3,0.13949418642139821
SYNGR1,-0.02253326816855664
SYNE4,-0.06047967340763304
SYNE3,-0.09300198375669914
SYNE2,-0.12017688313473655
SYNE1,0.048542540952723943
SYNCRIP,0.2820509910866059
SYDE2,-0.10346544524250643
SYCP2,0.1136835773168121
SYCP1,0.06669027085924066
SVOPL,-0.6827190199598991
SVOP,-0.11102482562592561
SV2A,-0.02746237737737141
SUSD4,0.09472003800414396
SUSD3,0.33248423189852744
SUN1,-0.030413071020468942
SUMO1P2,0.15310436383267828
SULT2A1,0.23494180233025852
SULT1E1,0.057082645527068446
SULT1C2,0.0380075928190314
SULF2,-0.045765189610855184
SUGT1P3,0.0020889050649658134
SUGT1,0.12816292558717093
SUGCT,0.4771244335981748
STYXL2,0.15488080961896092
STYX,0.0530199774876263
STYK1,-0.641489639014641
STXBP5L,-0.32432050457599726
STX19,-0.2616078089066846
STS,0.5408661460724881
STRN,-0.46807972424550043
STRIT1,0.2753899374857466
STRIP2,-0.11560640855217592
STRAP,0.1546559963786332
STRA6,0.07846120751236582
STOX2,0.014348203143059369
STOX1,-0.2335731319964516
STON2,-0.4253900796726273
STON1,0.3436494138424432
STOM,-0.6039244185762385
STMN3,-0.1572484359539419
STK4,-0.10399950454024962
STK33,0.08970583057895164
STK31,-0.5601437798528024
STK3,-0.07371046367681082
STK17A,-0.037314349864203886
STEAP4,-0.057534473316938804
STEAP3,0.1391445749058343
STEAP2,-0.18359059743925138
STAU2,-0.013659008284655898
STARD13,-0.22102525813898796
STAM-AS1,-0.02059287099648142
STAG3L4,-0.1410323840570294
ST8SIA4,3.5181118499643917e-4
ST8SIA1,-0.07844293672474748
ST7L,-0.17139713387314526
ST7-AS1,0.07152428705300508
ST6GALNAC3,-0.2638558205032563
ST6GALNAC2,-0.22928259118373195
ST6GALNAC1,-0.7390010728452617
ST6GAL2,0.022948461448581398
ST6GAL1,0.13434712150553743
ST3GAL4,0.02094052806487956
ST3GAL1,-0.08911418562515747
ST20,0.3265691686295651
ST18,0.07252565266265237
ST13,0.17428585295982804
SSTR1,-0.08487187579485654
SSPN,-0.2517943863272709
SSBP2,-0.018278995585788372
SRSF4,0.01341295040416189
SRPX2,0.07855452309127046
SRPX,-0.05626235420806999
SRGAP2B,-0.12137146596098643
SRGAP2,-0.22845586165077156
SRD5A3,0.053042435005962736
SRC,-0.11781379511770834
SPTSSB,0.5108742460114994
SPTLC3,0.031226506948030856
SPTBN2,-0.19404244692600853
SPTBN1,-0.021329294515847416
SPP1,0.00846675162403205
SPOPL,0.04390744889656758
SPON1,-0.20461447981051833
SPIRE2,0.32663247454397987
SPIRE1,-0.30378234159871637
SPINK5,-0.32638414373850033
SPINK4,-0.10182950192426404
SPINK1,-0.4658847363254161
SPESP1,-0.19960255335957747
SPEF2,0.5853691616204822
SPATC1L,-0.8372563353840682
SPATA6,0.46364694655154853
SPATA20,-0.13268450729287284
SPATA18,0.4930751698440006
SPATA17,0.10488990502168835
SPARC,-0.016203171932293477
SPACA9,0.03328763337378414
SPACA6,-0.07026111503782724
SP8,0.15957816005919304
SP2-AS1,-0.351582802039521
SP140L,-0.38323901674316835
SP110,-0.17383133545521584
SP100,-0.03544093588817816
SOX8,0.40613438139270563
SOX7,0.0335344612613429
SOX6,0.4722464188576478
SOX5,0.1384081206361122
SOX30,-0.25920969257200543
SOX2,0.29964187175968793
SOX1,0.2784254646524374
SOSTDC1,0.0040546788767082545
SORBS2,0.3116661237460768
SORBS1,0.3287622875790712
SOD3,-0.18683964739187708
SOCS2,-0.11080876169742326
SOBP,-0.03071072688788106
SOAT1,-0.4211617168742746
SNX25,0.22389008006169858
SNX20,-0.45935977607721645
SNX2,0.2055725885937592
SNX16,0.1074597425533036
SNU13,-0.4078880588990525
SNTB1,0.2914546648135931
SNRPN,-0.48440465909798824
SNORA78,-0.2682972841055822
SNHG4,-0.1957857657536922
SNHG3,-0.01604619652965906
SNHG29,0.06542885691729404
SNHG27,-0.04666995669607602
SNHG26,0.5367201904203849
SNHG14,-0.3536594994264235
SNAP25,-0.42055334993090876
SNAP23,0.0020502669333533406
SNAI2,0.22430220098986847
SMURF2,0.09236002785670952
SMTNL2,0.020055566541468405
SMPD1,-0.3036782709192806
SMOC2,0.27422533224644036
SMOC1,0.31472214786804587
SMIM5,-0.2609869138264746
SMIM31,-0.43441713601979925
SMIM2-AS1,0.09575737433859366
SMIM2,0.17761919716798788
SMIM10L2A,-0.45746998354532536
SMIM10,-0.0587403555270381
SMG1,-0.06717785286999953
SMC4,-0.03349364190947965
SMARCA5,0.12210573612621206
SMARCA1,0.14233190605104215
SMAD9,-0.6201271359894657
SMAD7,-0.06597965424717318
SLPI,-0.2064107955204958
SLFN5,-0.03527261937822669
SLFN13,-0.050243350887663074
SLFN12,-0.06973797230158968
SLFN11,-0.2777534908744489
SLF1,0.24760381888530691
SLCO5A1,-0.17412707876396302
SLCO4C1,0.007180927924395981
SLCO4A1-AS1,-0.2981110785875597
SLCO3A1,0.04499194826537658
SLCO1B3,-0.29036650824468974
SLC9B2,0.2339811375552376
SLC9A7,-0.2100214213299349
SLC9A2,-0.23633609814546494
SLC8A1,-0.17905426532683286
SLC7A8,0.42208796688021777
SLC7A2,-0.005530050875440617
SLC7A1,-0.19012455187245755
SLC6A8,0.12764630686557293
SLC6A4,0.02361102480223936
SLC6A20,-0.3394615877393443
SLC6A15,-0.14091700696298973
SLC6A14,0.17658316304688743
SLC6A13,-0.11623349354152888
SLC6A12,0.13933723438139842
SLC5A3,0.20718678696096085
SLC5A1,-0.12040487538663415
SLC52A1,-0.30997596274503425
SLC51B,-0.22654523615406924
SLC51A,-0.18768731354889231
SLC4A8,-0.016940408546467133
SLC4A7,-0.07826435461825791
SLC4A4,0.040061055721503494
SLC4A11,0.4206511036675669
SLC47A1,0.47090839428286496
SLC46A3,-0.48524976155075394
SLC46A1,-0.3789703807408625
SLC44A5,-0.26844845586424926
SLC44A3-AS1,-0.3945180874487538
SLC44A1,0.062176370637601744
SLC43A3,-0.006031531611311624
SLC3A1,-0.10213755968098809
SLC39A2,-0.2927366646052038
SLC39A14,0.04355518675081721
SLC38A5,0.08629470047027832
SLC38A4,-0.4536920784036983
SLC38A11,-0.07979684751548542
SLC36A4,-0.18730905191190822
SLC35G2,-0.5302185467587555
SLC35F5,-0.20566516618568711
SLC35D3,0.2226743131934423
SLC30A5,0.07740677482796311
SLC30A10,-0.11968247449072557
SLC2A3,0.8977993446130066
SLC2A13,0.029704190234788735
SLC2A10,-0.31843209929154087
SLC2A1,0.6090174635134905
SLC28A3,-0.06601433083927634
SLC27A5,0.10811636992820077
SLC26A3,-0.05412287184904599
SLC25A5-AS1,-0.528975813119157
SLC25A21-AS1,-0.35063986356964977
SLC22A4,-0.06864924957194392
SLC22A3,-0.5426192474789425
SLC22A17,0.008325078068920855
SLC22A15,0.03409329811986699
SLC22A11,-0.16000590291424427
SLC20A1,0.024000509202470603
SLC1A7,-0.2569949912023063
SLC1A3,0.332987112170649
SLC19A3,-0.15379481118821456
SLC18A1,0.05775028598959719
SLC17A9,0.3828967534657478
SLC16A9,-0.4797464678100095
SLC16A7,-0.042743226924015526
SLC16A6,0.1713706300519544
SLC16A4,0.04012168627031521
SLC16A3,0.16082881531233328
SLC16A14,0.006938416395826646
SLC16A10,0.3976660366800276
SLC16A1-AS1,0.043035121326740554
SLC14A2,0.07131114460871713
SLC14A1,0.5600977560692189
SLC12A9,0.37643870669047275
SLC12A6,-0.23324987161185753
SLAMF6,0.6259656283017332
SLAIN1,-0.49861224412417066
SLA2,-0.23592128168766616
SKIL,0.06494335499435928
SKAP1,0.6240458610884039
SIX4,0.12814318148196213
SIX1,0.66613664196622
SIRPA,-0.2734260191108516
SIGLEC6,0.051379859877839384
SIGLEC15,0.412465432710198
SIDT1,-0.3241257253200943
SI,-0.1151734465939218
SHROOM2,-0.0999576073652332
SHLD1,0.21487756818048473
SHISA6,0.5425151561705691
SHC4,0.05145313312769623
SHC3,0.10902539322031644
SHANK2,0.0993553114337753
SH3TC2,0.37594891968487365
SH3RF3,0.19326746184112054
SH3GL2,-0.048922988115545726
SH3BP4,-0.17923354766957125
SGSM2,-0.05894222977910508
SGPP2,-1.1105556232913962
SGO1,0.12849647078001583
SGMS2,-0.5886169317642193
SGK2,0.05859804813267653
SGCE,-0.26501174052889864
SGCB,-0.012564297873514934
SFXN1,0.14600818877639116
SFTA2,-0.07871532079763265
SFRP5,0.16556270231374043
SEZ6L2,-0.6023498437124497
SETMAR,-0.41962006514229805
SETDB2,-0.011486433383906548
SESN3,-0.04275944685665915
SERTAD4,-0.23071051113388205
SERPINI1,0.8601620851461832
SERPINF1,0.26014012894465
SERPINE1,0.521650365991316
SERPIND1,0.4651202288626516
SERPINA4,0.09747639000876236
SERPINA1,-0.29458645791749355
SERP2,-0.017856631698138056
SERAC1,0.18251857978348124
SEPTIN7P2,0.1060783577863453
SEPTIN7P14,0.3026264276143914
SEPTIN6,-0.09525589905683003
SENP7,-0.19936425375741068
SEMA6A,-0.3212192775874893
SEMA5A,-0.1441892730938261
SEMA3F,-0.45043887378536807
SEMA3A,0.704796343365936
SELENOP,-0.25242454259067837
SELENOM,-0.016933751706980797
SECTM1,-0.2271231280692647
SEC22B,0.38551171713602306
SEC16B,0.16878214018035034
SEC14L4,0.18361651262490183
SDSL,-0.5328213982522023
SDR42E1,-0.11801780632567695
SDR16C5,-0.14652069609248108
SDHAP3,-0.07994923197093033
SDCCAG8,-0.09035137091213305
SDCBPP2,-0.075268386574856
SDCBP2-AS1,0.008276088639241907
SDC2,0.035091858480804906
SDAD1,0.47102801880689066
SCN8A,-0.22935529788732448
SCN3B,-0.3021812877582905
SCML4,-0.16691308268279484
SCIN,-0.06793826831909065
SCGB2A1,-0.27018629784020076
SCG5,-0.18905431986288562
SCG3,-0.5210706655374715
SCG2,-0.1280799081942744
SCFD1,0.08560264554184668
SCEL,-0.15254774665684212
SCD5,-0.03611114955515211
SCAT1,-0.00942811486636713
SCARNA13,-0.07089558047980293
SCAI,0.07766913087085545
SCAF4,0.037111820785756255
SBSPON,0.24757427561602416
SBF2,0.06968721078710002
SATB2-AS1,-0.2341075129582622
SATB2,-0.09083568493649312
SATB1,0.1510568195027792
SAPCD1-AS1,-0.25716572606358934
SAMHD1,0.04025020429817371
SAMD9,-0.14940417047009022
SAMD5,0.19530825024365076
SAMD4A,0.08030962444198561
SAMD3,-0.10238714937058328
SACS,0.7098315996997177
SAA1,0.08498804068679501
S100Z,-0.12054003133842726
S100A9,0.2968254731718261
S100A6,0.06007149906047365
S100A2,0.0370429933423826
RUNX3,0.5187171462673225
RUNX1,0.3655862174815158
RUNDC3B,-0.5876209245204175
RUNDC3A,-0.46517042023997834
RUFY3,-0.24569794687083696
RTP4,-0.06706320565573382
RTN1,-0.13510377638681778
RTL8C,-0.43561449570816924
RTL8A,-0.43416416886050735
RTL5,-0.08445569499125291
RTKN2,0.09679950377261334
RSRC1,-0.23039605087489004
RSKR,0.02667228414351106
RSAD2,-0.040702134444029855
RRAGD,-0.2157725965382412
RRAD,-0.011296557800567838
RPS6KA6,-0.5555860665419219
RPS6KA5,0.2758790596120643
RPS4Y1,-0.0845229638897558
RPS20,-0.008641898872052297
RPRML,-0.06068809842465446
RPL5,0.13252376979725844
RPL39L,0.15350854457412594
RPL30,0.1417840068885432
RPL23,-0.07519352632437279
RPL18A,0.2839786072257848
RPGRIP1L,0.2516505701973494
RPAIN,-0.026649776326927704
RORC,-0.35440117444029284
RORA,0.9210954274678524
ROR2,-0.02438907632285667
ROR1,0.43146693002794967
ROBO1,-0.6763434407534709
RNU6-73P,0.24983826055360678
RNU6-37P,-0.2014203354248169
RNU2-52P,-0.10879429600616325
RNU2-22P,0.0179304132391296
RNFT1,-0.23457259651943135
RNF6,0.11925742493432542
RNF32,-0.16152476954316675
RNF217,-0.5273843818440409
RNF213,-0.0342144374385545
RNF186,0.020036399260974405
RNF183,-0.09005983295271247
RNF182,0.15584528711836304
RNF157-AS1,-0.002406020597902139
RNF144B,-0.47861053265595876
RNF144A,-0.3709537431859845
RNF14,-0.13990284705726772
RNF125,-0.28557954805707986
RNASET2,0.08282859005883639
RNASEL,-0.09928941255252699
RMDN1,-0.09114955452675672
RLN2,-0.09203462553221528
RLN1,-0.18978045483429234
RIPPLY3,0.04173837785371023
RIPPLY1,-0.09634660383615093
RIPOR2,0.2748493405338598
RIMS2,-0.42663467834412283
RIMKLB,0.0636307426573408
RIMBP2,0.0836723262305193
RIC1,0.24766924344653676
RIBC2,0.292920011474922
RHOQ,-0.1818506543776875
RHOBTB1,-0.10259454601435333
RHCE,-0.05885301096115009
RHBDL2,-0.49140294911545
RHBDL1,-0.03762334653325183
RGS9,0.03965158555201535
RGS7,-0.17607672712212652
RGS13,0.08346534009737677
RGPD5,0.1051059230360297
RGN,-0.2611872846894814
RGMB,-0.10098184450532481
RGL3,0.16732673562645967
RGCC,0.13731633337906482
RFX6,-0.09295538977440924
RFLNB,0.24188696667792137
RFC3,0.39008898602138864
RETREG1,-0.3035025250255387
RETNLB,-0.6521713469247123
REPS2,-0.33866841061119135
REN,0.10715053600144582
REL,-0.002847868231045583
REG4,-0.20498984766282455
REG3A,-0.1725613464556259
REG1B,-0.010666379280303685
REG1A,-0.09600359213806813
REEP1,-0.5427260762620943
RECK,0.3546734727437602
RDX,0.7250471771078021
RCOR3,0.21976621260309923
RCBTB2,-0.47050445939708985
RCAN2,0.0069024847140223946
RBX1P2,0.2458833315132232
RBPMS2,0.12137761864876992
RBPMS,0.4537337955894203
RBPJ,0.03287292751412416
RBP7,-0.3931948012277147
RBP4,-0.019847036936627985
RBP2,0.15319584248651907
RBP1,-0.1286219642770968
RBMY1A1,-0.16204102644785218
RBMS1,0.3740765815322398
RBM43,0.039051001774952396
RBM33,-0.30079828887608995
RBM26-AS1,-0.13788578105590932
RBM24,-0.36469012826016317
RBM11,-0.34717982774046596
RASSF8-AS1,0.1028230571185909
RASSF8,0.16596407991345677
RASSF4,-0.36340378587260846
RASL11B,0.28615486622873587
RASL10B,-0.2662048681771375
RASGRP3,-0.12200423182848197
RASGRF2,-0.07712871132933054
RASGRF1,0.10793800504422064
RASGEF1B,-0.18151877567310234
RASGEF1A,-0.5131535720824287
RASEF,-0.9175286373266401
RASD1,-0.06252667345902256
RASAL2,-0.06178095898159812
RASA4,-0.4680617663326871
RASA3,0.081179121799752
RASA1,0.207519505398225
RARRES2,-0.040436357517935846
RARRES1,-0.16044084392855051
RARB,-0.40638774866874755
RARA,-0.18860725148481347
RAPGEF4,-3.423227365999176e-5
RAPGEF2,-0.11364508386933951
RANBP3L,0.12109708597904213
RALGPS2,0.14926332011149002
RALGAPA2,0.009473903088340634
RAI2,-0.2888880897455437
RAI14,-0.1399048668400265
RAG1,-0.33372476451271116
RAD54B,0.5091747119206252
RAD52,0.16125772114184939
RAD51B,-0.30533311004811164
RAC3,0.20492524393198186
RAB6B,-0.177284369642575
RAB3C,-0.09696856987906971
RAB3B,0.09258431835630714
RAB39B,0.017389973135442677
RAB39A,-0.11911650269782866
RAB38,-0.7271986094165052
RAB37,0.1873446033697179
RAB34,0.06653479067122084
RAB31,-0.019884456336303542
RAB30,0.6192303190676911
RAB2A,0.21854870918450836
RAB27B,-0.316831346252984
RAB14,-0.06023179318039009
RAB11FIP3,-0.3915461990727198
QRSL1,0.1660104176201504
QKI,0.505393277616559
PYROXD2,-0.13604004892332583
PYGL,0.31252027426815526
PYGB,-0.8189457213698652
PURPL,0.6949927556895233
PURA,-0.015901889254616382
PTPRR,0.010295672213704496
PTPRO,0.2849654267026508
PTPRM,1.0983677333298505
PTPRG-AS1,-0.23374322575792342
PTPRD-AS1,0.24478273446586907
PTPRD,0.5518436959558716
PTPN21,-0.31295185318285523
PTPN20,0.0029914160472472185
PTPN14,0.5165417554040653
PTPN13,0.43496262707369937
PTPN11,0.1367717531143799
PTK7,0.11699101988377096
PTK2,0.015033205047041349
PTGS2,0.4526249583024825
PTGS1,-0.2316613684193922
PTGES,-0.024402884809807936
PTGER4,-0.1588316961694888
PTGER2,-0.0509945764459594
PTEN,-0.009044639305377923
PTCHD4,0.5459404109485625
PTCH1,0.32910139662427196
PTBP2,0.02735629780234081
PSTPIP2,0.6307306592084069
PSMB8-AS1,-0.130543350103741
PSAT1,-0.057315916141570014
PRUNE2,-0.1812195638036249
PRTG,0.04967781552619332
PRSS35,-0.00973423303612767
PRSS23,0.4328936341071139
PRSS21,0.10937095033551947
PRSS2,0.24034219998000406
PRSS12,-0.30939851648082795
PRSS1,0.2147852481690753
PRR9,0.5918216671695516
PRR5L,-0.04271302925338695
PRR4,0.3018550372213213
PRR14L,-0.057902374950313515
PROX1,0.5306961005357717
PROS1,-0.4484531826454551
PRORSD1P,-0.042373859269599495
PROM2,0.12986353649687657
PRODH,0.3193324199084765
PROC,-0.6175063918505577
PRNP,-0.06664132019065001
PRLR,-0.0756515237874259
PRKRA,-0.074483998503798
PRKN,-0.18192839774504793
PRKG1,-0.1755430953996193
PRKD3,-5.541144679614067e-4
PRKD1,-0.13022650823045648
PRKCQ-AS1,0.5266359922590623
PRKCQ,0.5233009779063849
PRKCH,-0.505431657496581
PRKAR1B,-0.3097834165582999
PRKAR1A,0.03772955675389976
PRKAG2-AS1,-0.03424065345683111
PRKACB-DT,-0.014266515006014738
PRKACB,-0.3451942105867207
PRKAA2,-0.051182541098897964
PRIMPOL,0.036913162324256246
PRICKLE2,0.46454708982077686
PRICKLE1,0.07479959463426158
PRF1,0.409807638073268
PREX1,0.018517228963014533
PRDM5,-0.09152392167064692
PRDM16-DT,-0.006007054439727749
PRDM13,0.010807210771824042
PRDM11,0.15045764168996356
PRDM1,0.4127852284527352
PRB4,-0.0025875080131643347
PRAME,-0.28046791587874875
PRAC1,0.5736855760197301
PPP4R3A,0.08285393269081243
PPP4R1L,-0.3397653383264919
PPP2R2C,0.7263868504630285
PPP2R1B,0.2850313209451237
PPP1R9A,-0.07717356207502755
PPP1R1B,-0.34496583584157753
PPP1R16B,-0.07771485460448425
PPP1R14C,1.1572143187024115e-4
PPP1R14A,-0.3727115891354463
PPM1L,-0.020649369683472012
PPM1K,-0.021215300915352637
PPM1E,-0.5175350440321599
PPFIBP1,0.4001704681536762
PPFIA4,0.326301352506483
PPBP,-0.05469411874013114
PPARGC1A,-0.5129252936541286
PPA2,0.06318669001660358
POU6F2-AS2,-0.6965564994416965
POU6F2,-0.27074869644624805
POU4F1,-0.035319154472216036
POU2F3,0.013852000557629942
POPDC3,-0.18379937879298922
PON3,0.15740604222693813
PON1,-0.09451657561850622
POLR3G,0.41421067479577234
POLH,0.31822272559555786
POLG-DT,0.020065271226267865
POGZ,-0.015205719464433333
PNMA8A,-0.05816550892716006
PNMA2,-0.09789451915297474
PNLIPRP2,0.3028671242274118
PMS1,-0.15662038667714734
PMP22,0.09830143448217918
PML,0.30073186236603555
PMFBP1,0.1345749150567798
PMEPA1,0.17466653344428648
PLXND1,0.2698978746957794
PLXNC1,-0.04498782304228632
PLXNA2,-0.318005908935891
PLTP,0.32059602565338313
PLSCR4,-0.5074478852511642
PLPPR1,-0.21958706467153838
PLP1,-0.003433679420557257
PLOD2,-0.09804786155439776
PLLP,0.47008188592531025
PLK4,0.019802621142258576
PLK2,0.8173092936830001
PLG,-0.27285737023203566
PLEKHS1,0.04907427453089091
PLEKHH2,-0.47444753202878043
PLEKHG2,0.2338030849717745
PLEKHG1,-0.3118923410419287
PLEKHA2,0.15789679260762235
PLD1,-0.021560207491314425
PLCL2,-0.19150340094598345
PLCG2,0.1277046310505861
PLCE1,-0.4202133504878808
PLCB1,-0.13449688004842095
PLAUR,-0.19721727623384164
PLAU,0.040066091005646606
PLAT,-0.30699218206236806
PLAG1,0.15978478708477173
PLAC8,-0.28331263757584646
PLAC1,-0.23471528803814154
PLAAT5,-0.02727405010202642
PLAAT4,-0.023253038467321248
PLAAT3,-0.6079402108006031
PLAAT2,-0.15141761623874908
PLA2R1,-0.31402726634368977
PLA2G7,0.1827951020959029
PLA2G4A,0.2288814932747803
PLA2G3,0.15616003261380573
PLA2G2A,-0.10585727036924286
PLA2G12B,-0.34847611382612054
PLA2G10,-0.835937051642362
PLA1A,0.12250789141679073
PKP4,-0.03850364986046354
PKN1,0.03109050229681724
PKIB,-0.3531352759833522
PKIA,-0.0907295406405143
PKHD1,0.07345994606304665
PIWIL1,0.2733753249145894
PITPNM3,-0.840776839961703
PITPNC1,-0.0185535817783826
PIPOX,-0.25105938832967406
PIK3R3,-0.10324424365357585
PIK3IP1-DT,-0.044706539073704775
PIK3C3,0.2968189685293448
PIK3AP1,-0.17807633534172262
PIH1D2,-0.061585616797372164
PIGR,-0.5916893975901855
PIGL,-0.3258838158438819
PIGC,0.4863725861204477
PIFO,0.04531356718415225
PID1,-0.3618268615732899
PI3,-0.25106775009023813
PI15,-0.169333497360157
PHYHIPL,0.42528902991176687
PHLDB2,0.5560543669420309
PHLDA3,0.3098228126450094
PHF3,-0.14046800993868275
PHF14,-0.02382091277477594
PHACTR3,-0.07029007588643536
PGM5,0.2941443656566065
PGGHG,0.2882351954973449
PGBD5,-0.18329365245583848
PGBD1,0.16836743783491226
PGAP4,-0.4606523411164902
PGAP1,-0.0383687819179636
PER3,-0.008829601896002064
PELI2,-0.2594867008250976
PEG10,-0.18217292849849795
PDZRN3,0.4662037896004161
PDZK1IP1,-1.3217371754198364
PDZK1,0.32545140863311206
PDXDC1,0.05698986601343094
PDLIM5,-0.0057928624892719755
PDLIM4,-0.2831075200248956
PDK4,-0.13094642516566857
PDGFC,0.07888533490655764
PDGFA,-0.13844371914739478
PDE9A,0.2562295081643991
PDE7B,0.14794138062578374
PDE5A,-0.5109826754517421
PDE4D,-0.023828504723956624
PDE4B,-0.010453669466357488
PDE3A,0.1057836205797881
PDE10A,0.04817132468878128
PDCD5,0.11149651934541945
PDAP1,0.21346122686813504
PCYT1B,0.0691489056107515
PCSK7,-0.032529633374558754
PCSK5,0.20445545254772218
PCSK1N,-0.17109721811862275
PCSK1,-0.4764060448837936
PCP4,0.5850824300671122
PCOLCE2,0.07168185961204772
PCNX1,0.04549008866400252
PCMTD1,0.0359577311952664
PCLO,-0.18518901418977426
PCK1,-0.14973698672608343
PCDHGC3,0.05449929596856696
PCDHGA8,0.02644049377236457
PCDHB4,-0.37892738584985963
PCDHB2,0.07566649268736082
PCDHB16,-0.46455026664187216
PCDHB14,0.01933205508009391
PCDHB12,0.27929108707082817
PCDHB10,-0.0467584411441096
PCDHA9,-0.49341466327774364
PCDH8,-0.3305821712694563
PCDH20,-0.04271674888253782
PCDH19,0.186510316975846
PCCA,0.3266539452679135
PCAT6,0.12941323745969774
PBLD,-0.5869565566502937
PAX9,0.2501085673104224
PAX8-AS1,-0.21553014316391703
PAX7,0.16810803494435286
PAX6,-0.04408533613451323
PAX5,-0.21917725635175045
PAX4,-0.05635205827545222
PATL2,0.01106019199732964
PARP8,0.3258616425567883
PARP6,-0.5655912241005946
PARD6G,0.33997227318552875
PARD6B,-0.039952560930724
PARD3B,-0.2933954016785253
PAPSS2,-0.06864583927032877
PAPPA,0.3869890811413493
PAPLN,-0.11719923116020318
PAM,0.6937204142358491
PALM2AKAP2,0.08540629703006351
PALLD,-0.6397105112790122
PAH,-0.34998919690455343
PAG1,-0.10939402390924934
PADI2,-0.3003471861289511
PACSIN1,-0.11007165804141147
PACRGL,0.005718569971304262
PABPC1L,-0.08989454504941165
PABPC1,0.07941567550673088
P3H2,-0.12464522803597262
P2RY1,-0.283701862343293
OXGR1,0.0417030671463295
OXCT1,-0.39822821438784156
OTULINL,-0.02477855942501079
OTUD7B,0.10545423418999506
OTUB2,0.027776967749639152
OTC,-0.07642002047195869
OSTM1,-0.08338903869925887
OSR1,0.5400380178476875
OSER1-DT,-0.21110048549082228
OSBPL6,0.18154813977021333
ORM1,0.04328230487926734
ORAI2,0.42469199939671826
OR7E14P,-0.6290008346675107
OR7D2,-0.4332996329634784
OR51E1,0.07446651832462342
OR2A20P,-0.11813102980251386
OPRD1,0.01980743666092461
ONECUT2,-0.013971848790216785
OLMALINC,0.45126324280116564
OLFML3,0.7163853708257835
OLFM4,-0.07832214740457073
OLFM1,-0.239094409770447
OLA1,0.1800584838772547
OGFRL1,-0.15448555548216078
OFD1,0.1387542071875571
ODF2L,-0.29137664949924297
ODAM,0.20411657774335054
ODAD2,0.32494247806481624
OBSL1,-0.08307814536690637
OBSCN,-0.09214072688912053
OASL,0.21309938177526544
OAS2,0.035799523700516915
NXPH3,0.5986299225803897
NXPE4,-0.10670653813549827
NXPE3,0.049026499075613815
NXPE1,-0.14739050516417668
NXN,0.33470867994565856
NXF2,-0.5651778541770892
NUTM2B-AS1,0.5675793179367937
NUTM2A-AS1,0.2438406748146172
NUPR1,-0.2624174050022881
NUDT11,-0.07891082247402466
NUAK1,0.08674428193505775
NTS,-0.007750167104103978
NTRK2,0.2636836770480406
NTN4,-0.8703404101714515
NT5DC4,-0.033896329879193145
NT5DC1,0.32883171780701353
NSUN7,-0.24985262916444873
NSD1,0.17104961798743648
NRXN3,0.6052219547472781
NRP2,0.1195300065102033
NRP1,0.7919525470227892
NRN1,0.19493292710718887
NRG1,0.10490168816792708
NREP,0.45750189850850637
NRCAM,0.500091933560071
NR5A2,-0.3616571719476359
NR4A2,-0.47996274796863947
NR3C2,-0.7182354345223623
NR3C1,-0.016528433720307514
NR2F1-AS1,0.3523951109511572
NR2F1,0.668322108827502
NR2C1,0.00804719143821296
NR1I2,-0.21269896645556033
NPTXR,-0.03401349338180634
NPTX2,-0.19902300834555206
NPNT,0.10564744198873247
NPL,0.48121687039748867
NPIPB3,-0.039743710470105935
NPIPB15,-0.011271733182070191
NPC1L1,0.11590356175353726
NOX1,0.21965598642364373
NOVA1,0.07603356971970299
NOS3,0.1486354579511171
NODAL,0.4186886137632761
NOD2,0.21246365777289128
NOCT,-0.06936612896922692
NOC2L,-0.13715037938210703
NMT2,0.03733696852861822
NMRAL2P,-0.2653491170041261
NMNAT2,-0.4927718060748021
NME5,0.3449270617346771
NLRP2B,0.032169074725685295
NLRP2,-0.10341011924923588
NLRP1,-0.24290357912229898
NLRC5,-0.0634512263222529
NLK,-0.5255675048510857
NKX3-1,-0.0789010362537078
NKX2-2,-0.13448967856364072
NKX1-2,-0.046661487208066926
NIPSNAP3B,-0.11131962088734078
NIPBL,0.22477050505982557
NINL,-0.5252681291436944
NINJ2,-0.17617580218433085
NIN,0.3699485727796798
NIM1K,-0.14884294239653237
NID1,0.2433457994928889
NIBAN1,0.03675247567069588
NHS,-0.0030729728835702844
NHLRC3,0.04836279928268819
NGEF,-0.12133777499475881
NFX1,-0.007045477106085114
NFKBIZ,-0.010414401293540822
NFIB,-0.4929996740916539
NFIA,0.08036390697431203
NFE2,0.906376800353416
NFATC2,-0.4187589021271403
NFAT5,0.22271835880576318
NFASC,-0.24375115388279242
NF2,-0.2192623992295034
NF1,-0.07142343885121565
NEUROG3,-0.044752270946843024
NEUROD1,-0.27533985560909485
NELL2,0.14019940956585342
NEK5,0.42610215141356034
NEK11,0.016557231586620202
NEFL,0.00467894543575835
NEBL,0.2682340998381002
NEB,0.10512801267526
NEAT1,-0.08083353960379316
NDUFV2-AS1,-0.0030969703536856395
NDRG1,0.024327244191196206
NDP,0.09110687693160556
NDN,-0.09122128497495412
NDE1,-0.010637727000068901
NCOA2,-0.056622498080534545
NCF4,-0.3544448536104094
NCF2,0.005327728658938323
NCBP1,0.1922699075683009
NCAM1,0.3032732435413929
NCALD,-0.02333283053168696
NBPF4,-0.7280457152797665
NBPF3,-0.09277622646981645
NBL1,-0.5912650241093399
NBEA,-0.2616398432380501
NBDY,-0.1359329003451784
NAV3,-0.035343926053860206
NAV2,-0.21460968259715585
NAV1,0.03271860215814496
NAP1L5,-0.176484340473203
NAP1L2,-0.11113489891560062
NANOS1,0.26564335590442506
NAIP,0.2120568146275566
NABP1,-0.2969465576116233
NAALADL2,-0.29027382540014557
NAALAD2,0.06150226684044488
NAA25,0.1428328760993883
"NA",0.027690870749580786
N4BP2L2,0.05416831276237725
N4BP2L1,-0.021789228484989608
N4BP2,0.13450172385802203
MYT1,0.3898761995893998
MYRIP,-1.1045077569100874
MYRFL,-0.039001906070450065
MYOF,0.16262828118101108
MYO5A,0.034816654179710346
MYO3B,0.14747653901121377
MYO1A,-0.40300991173334944
MYO10,0.17952192713740175
MYLK4,-0.11724309654801768
MYLK,0.12740690701398205
MYL9,-0.03891541180007658
MYL12A,0.281542255462865
MYH7B,0.43730940235180915
MYH4,-0.015144339413485914
MYH10,0.38434904227831473
MYEF2,-0.2956259270926379
MYCN,0.41867463038529407
MYBPC1,-0.19807108845035082
MXRA7,-0.04278055669698823
MXRA5,-0.3311857007636521
MX2,0.19335621835507993
MX1,0.056411140357333724
MUCL1,0.6924698405065051
MUC7,0.062396092639484646
MUC4,-0.08196823588912273
MUC20-OT1,0.0017036906897054261
MUC2,-0.19849175608138273
MUC17,-0.16016039890271938
MUC12,-0.23743708334123717
MUC1,-0.06265217093616483
MTUS1,-0.0939072646206003
MTTP,-0.3025129082313268
MTMR11,-0.020738305708737644
MTHFSD,0.7120311579683891
MTCL1,0.5059318408817659
MTARC2,-0.47432022071022795
MSX2,-0.6376467448924771
MST1L,-0.16016047279725923
MSRB3,-0.02299704226346446
MSN,-0.08895654513410747
MSMB,0.08088027052043913
MSLN,-0.2783375522109094
MS4A12,-0.0853050812977738
MRPS33,-0.11577558734646784
MRPS11,0.1672284656772048
MRPL50,-0.07177316543265816
MRPL43,1.4639699610072445e-4
MROH8,-0.2563523530339318
MROCKI,-0.007814827346689137
MRLN,-0.2940200651111634
MRE11,0.02579592145942571
MR1,0.16046529189647604
MPZL2,0.468499811967991
MPV17L,0.01499931951470127
MPP7,-0.011195365933157302
MPL,-0.0675330339927192
MPHOSPH6,-0.12116000718301816
MORF4L2,-0.0026262061276717532
MOCS1,-0.09986111030039851
MOB3B,-0.8642212025810984
MNS1,-0.003485926709297799
MMP7,-0.22789437950153496
MMP28,-0.3798889153068568
MMP24OS,0.05700440793366427
MMP1,-0.25981565533660544
MME,0.20453248257582468
MMD,-0.2586518745044753
MLLT11,0.5529145281250362
MLF1,-0.03808113028381954
MKX,0.4149656370395965
MITF,-0.08518115794270328
MIR924HG,0.276446597206521
MIR9-3HG,-0.04474968175150597
MIR7-3HG,-0.286481754905667
MIR570,-0.03962462119900175
MIR449A,0.017537436501710826
MIR4458HG,0.08927026552796839
MIR3682,-0.15525389296025718
MIR34AHG,0.29972090735097034
MIR3142HG,-0.09346582044638388
MIR221,-0.04164475866594426
MIR210HG,0.2258857054227907
MIR210,0.10522378208180415
MIR205HG,0.09101654770212425
MIR1915HG,0.10189862305291118
MIR17HG,0.2798178013244636
MIR141,0.0431445331516394
MIPOL1,-0.23628105293558216
MIOS,-0.060155425913742254
MINCR,0.09640214105712912
MILR1,-0.09239886054126203
MIER3,0.015533883904081402
MID2,-0.1319335680819487
MICALL2,-0.23857272536882262
MGMT,0.21716031694078078
MGC32805,-0.042452423760605235
MGAT4A,-0.04275561518420789
MFSD4A,-0.29997099192844306
MFSD14C,0.1876472458964931
MFAP3L,-0.4419813244006417
MEX3B,0.06849756785529497
METTL7A,0.15540696385172606
METTL3,0.11468981174582679
MET,-0.11767581324432302
MERTK,-0.1218852209067324
MEP1B,-0.2825551544065881
MEP1A,-0.03219013696156016
MEIS3P1,-0.6474231392852933
MEIS2,0.02096861978426426
MEIS1,-0.06915655857464288
MEGF6,-0.08672912266829146
MEF2C,-0.5269496724231257
MEF2B,0.0441612618294017
MED6,0.2895650055809993
MED31,-0.14119686827235184
MED18,-0.3597043518589041
MED13L,0.041713501470884894
MDM4,0.41851978351148916
MDM2,0.5166474298448057
MDFIC,-0.04135660589857318
MCTP2,-0.07028221657338571
MCTP1,0.15007709716549197
MCOLN3,0.3217788691290388
MCOLN2,-0.14628903841778265
MCM3AP,0.005498057934833314
MCHR2-AS1,0.06611827254013491
MCC,0.5250661434536523
MCAM,-0.06321078992853994
MBTD1,-0.07314350647284608
MBNL3,0.0431173222343688
MBNL1,0.0395844522669805
MBD5,0.08104020558393954
MBD1,0.39867825884440905
MATN2,-0.8273773228259765
MATN1-AS1,-0.0033067803811055634
MARK1,-0.3151907213047853
MARCHF6,0.18743769345115904
MARCHF3,-0.14743308321859744
MAPRE3,-0.3461056903274035
MAPK14,0.06495751335238294
MAPK12,0.2575843902057372
MAP7D3,0.41919066921334347
MAP7D2,-0.19415234415372748
MAP4K4,0.22193319917309365
MAP4K3-DT,-0.21009062430915523
MAP3K7CL,0.0021313719310083546
MAP3K4-AS1,-0.10850520316433365
MAP3K20-AS1,-0.083876005120138
MAP3K2-DT,-0.5332085356824201
MAP2K6,0.012179745595019473
MAP2,-0.0998918668429459
MAP1B,0.8217214840171905
MAOB,-0.3424787947699126
MAOA,-0.4171040128658658
MAN1C1,-0.047334330597450736
MAN1A2,-0.21744854853718443
MAN1A1,0.12093315542530782
MAMLD1,0.08961171191696773
MAML2,0.10864908669550512
MALRD1,-0.25380246494007663
MAK,-0.04286098310936427
MAILR,-0.04060375627231236
MAGOHB,0.26210023958917905
MAGI2,-0.43695823986556953
MAGEH1,-0.31030562812721724
MAGEE1,-0.1896328993549398
MAGEC2,0.16630753419734218
MAGEA9,-0.3383156289996013
MAGEA4,-0.2970390834339615
MAGEA3,-0.18650284970946152
MAGEA2,-0.2715677862105056
MAGEA12,-0.24258035109355847
MAGEA11,-0.16965675524952642
MAGEA10-MAGEA5,-0.29619642398908796
MAGEA1,-0.07086115650771248
MAFB,-0.08156167650642289
MAF,0.19460815407532742
MAEL,-0.7804971576500696
MACROD2,-0.21364316548717321
MAB21L3,0.13359295194933982
M1AP,-0.044895390280645764
LYZ,0.02001300766078502
LYSMD1,0.1380130572691089
LYRM9,-0.11682921153502537
LYPLAL1,0.3399941165069035
LYPD8,-0.30750905257404654
LYPD6B,0.43133556967055986
LYPD6,0.20691342470069746
LYPD1,0.10088711850027479
LY6G6E,-0.0697724144444385
LY6G6D,0.06744827682548184
LUM,-0.20417113475104437
LUC7L3,-0.050471833448516676
LUC7L,-0.04784623783983427
LTBP4,-0.2845047425350099
LTBP1,-0.5131756209588161
LTB,0.18519462917490337
LSP1P4,0.038141141375210165
LSAMP,-0.07333669934964593
LRRTM1,0.12910608265028
LRRN4,-0.07107431955221703
LRRN3,0.32417113528200564
LRRN1,-0.15246016648206356
LRRIQ3,0.008904696072634
LRRFIP1,-0.04156050829917444
LRRCC1,-0.48447538682599856
LRRC8C,-0.05183638397806297
LRRC77P,1.1545728780247098
LRRC66,-0.28759131326781734
LRRC6,-0.1080015594211234
LRRC34,0.5989939460084321
LRRC31,-0.017097488270608995
LRRC2,0.0053319725407082515
LRRC19,-0.6973968118058855
LRP4,0.0678051136847341
LRP12,-0.30963026545214584
LRATD1,-0.4371508629548443
LPL,-0.07531066459440443
LPAR6,0.22059020726883774
LPAR3,-0.029375054690467618
LOXL1-AS1,-0.15164173070753803
LOXL1,0.07901037802154842
LONRF3,-0.11164402279994295
LOH12CR2,-0.19775362478140193
LNCAROD,0.19079435598147138
LMTK3,-0.0634707501744177
LMOD1,0.030881223975881934
LMO4,0.05738002355679439
LMO2,0.3367292067629053
LMNTD2-AS1,-0.08485837458146804
LMCD1,0.014202476374812046
LMBRD2,-0.2820349301976201
LIX1L,0.1490874982282964
LIPH,-0.05928714580437814
LIPC,0.14488467826842613
LINS1,0.08872247311939144
LINC02889,0.003791861854119458
LINC02864,-0.12435470909801907
LINC02846,-0.021247824715982588
LINC02754,-0.1866227935371737
LINC02615,-0.08331735206527233
LINC02582,-0.005943599842264693
LINC02580,-0.008394753106602725
LINC02575,-0.25154880171572797
LINC02562,0.012193661109058737
LINC02535,0.01051634793925652
LINC02303,0.11026749632215543
LINC02223,0.12084146924921368
LINC02119,0.15039880262880198
LINC02086,0.2987259478825101
LINC01770,0.017885027777203393
LINC01694,-0.7124614744228883
LINC01644,0.16880404103402097
LINC01607,0.3620155060225827
LINC01558,-0.051822265691961134
LINC01431,-0.11060046024887642
LINC01424,0.06037725873286384
LINC01419,-0.05616429800350932
LINC01410,-0.19520258397076742
LINC01356,-0.04056726432741609
LINC01270,-0.14779969853445782
LINC01252,0.29493836136884327
LINC01234,-0.5897373004729285
LINC01184,0.010154696903955865
LINC01133,-0.5172380366071325
LINC01116,0.29057839791786455
LINC01091,0.012397863640601135
LINC01088,-0.18773322523419
LINC00992,-0.009563031891678505
LINC00960,-0.14974088934409238
LINC00958,-0.05939007138689461
LINC00957,-0.4612694054212778
LINC00926,-0.34829424982773577
LINC00920,0.39860924600398373
LINC00910,-0.24909984652100536
LINC00906,-0.008253623071434514
LINC00894,-0.08060207580238289
LINC00869,0.16507120841103068
LINC00865,-0.30837526745767124
LINC00858,-0.04850177473422689
LINC00838,0.081082554164342735
LINC00667,-0.09406388682000069
LINC00665,-0.09339020388335123
LINC00663,-0.13290487038577645
LINC00630,-0.02835799603262157
LINC00622,0.004719757349504816
LINC00616,0.10582528977791102
LINC00540,-0.0771189847265591
LINC00525,-0.21595629185251425
LINC00520,-0.33628061837515993
LINC00513,-0.2678773115817059
LINC00462,-0.14393667216704545
LINC00460,0.18279835599387367
LINC00342,-0.058645675323088654
LINC00339,-0.5962182136132859
LINC00324,-0.17549266544713613
LINC00261,9.634451559140103e-5
LINC00205,-0.008168969043551657
LINC00173,-0.1428723034026421
LINC-PINT,-0.06924530875900886
LIN7A,-0.2431773294030839
LIMCH1,-0.3267066690795502
LIF-AS2,-0.054358154202501195
LGSN,-0.3243815827700325
LGALS2,-0.02386829489544231
LGALS1,0.2752730619406978
LEPR,-0.06045415151600788
LEMD1,0.2771237020767068
LEFTY1,-0.01519759400207503
LEF1,0.47617332257610634
LDLRAD4,-0.30964121157599644
LCN2,-0.6688795485771353
LCK,0.5320183627885487
LCA5,-0.15997188950741772
LBP,-0.053659633905474215
LBH,-0.16049071124828776
LARP7,-0.002025427866253594
LARP6,-0.1793430674869474
LANCL3,-0.3068935644535847
LAMP3,-0.21629876568788578
LAMA4,-0.03675710265576393
LAMA2,0.06101578158509307
LAMA1,-0.2853412057493041
LACC1,0.3077461641291049
L3MBTL4,-0.23559199199513903
L3MBTL1,-0.25587773474265013
L1TD1,0.1251846823532539
L1CAM,-0.03394788634425338
KSR2,-0.024056779702112997
KRTAP3-3,0.054588249486375
KRTAP3-1,0.16741353902359926
KRTAP2-3,-0.00526103320376107
KRT80,0.061561527167120815
KRT6B,-0.054056039521854504
KRT6A,0.03600422664672351
KRT5,0.062050375764708815
KRT40,-0.10226823595635262
KRT4,-0.07748350535500186
KRT34,0.03714710136956895
KRT31,0.04453044209396182
KRT23,0.05329016910987051
KRT17,0.027170534804578983
KRT15,-0.1288968573907825
KRT13,-0.03580279622996478
KRT12,-0.3605010902805544
KRR1,0.2917767385331726
KRBOX1,0.6646826655887467
KRAS,0.11045372377363318
KPNA5,-0.014430581725017636
KNG1,-0.1614406805212103
KLRK1-AS1,-0.01830088438378619
KLRC3,0.0882016570263002
KLRC1,0.06403991402602134
KLK8,-0.6427059785577767
KLK7,-0.4401677823919093
KLK6,-0.24118275218454932
KLK3,0.3802247170157874
KLK15,0.02397214703020473
KLK10,-0.1805168959795658
KLHL5,-0.01720567762598851
KLHL34,-0.21315617085130875
KLHL3,0.2205693776280827
KLHL29,-0.3311494676767586
KLHL24,-0.01593296807019287
KLHL18,-0.008946571745310552
KLHL13,-0.3266852456971497
KLHDC8B,-0.3732985126951664
KLHDC1,-0.21051818284934976
KLF9,-0.021438346306298255
KLF7,-0.42807524488691545
KLF4,-0.11917429292330303
KLF3-AS1,-0.03137826587743776
KLF12,0.2752361082928414
KL,-0.034370002758123575
KITLG,0.22350625508822158
KIT,0.42932168155655226
KIRREL1,0.0904892858648777
KIN,0.13854379997074992
KIF6,0.07712985996724216
KIF5C,-0.172409617716079
KIF26B,0.29286739371737536
KIF26A,0.1361046428970135
KIF16B,-0.3368805779706889
KIF13A,-0.12488220571668224
KIDINS220,-0.3320937361643284
KIAA1549L,-0.22097312892840995
KIAA0895LP1,0.3483207451443512
KHDRBS3,-0.2807851780745771
KDM5D,-0.2846290503657754
KDM1B,-0.21985490880985634
KCTD15,0.011861242829631127
KCTD12,-0.0978151653848788
KCNV1,-0.20369095663726694
KCNS3,-0.6291042310378987
KCNQ4,-0.09990488282650557
KCNN2,0.026776003307183553
KCNMA1,0.23687320408113985
KCNK6,-0.12686509325805537
KCNK3,-0.16954118564191187
KCNJ8,0.05353297317270021
KCNJ3,-0.1983451109623241
KCNJ2,0.13408503768461716
KCNJ10,0.1626981120935959
KCNIP4,-0.03396087733621362
KCNH8,-0.5911932540466425
KCNG1,0.03109057656149182
KCNB2,-0.08908122433703047
KCNAB1,3.137702473963961e-4
KCMF1,0.0635143334332552
KBTBD12,0.26675589573260267
KBTBD11,-0.9229491575638678
KATNAL1,-0.11274018905588346
KAT2B,-0.5245931673396061
KANSL1L,0.01574613291192903
KALRN,-0.19511896593872174
JPX,0.12692898052460894
JHY,-0.28676778739196407
JCAD,0.03044807329674177
JAZF1,-0.38074056197101525
JAK3,-0.02157900414257526
JAK2,-0.32872675347239155
JAG1,0.053492017936961365
JADE1,-0.2195488438563084
IZUMO2,0.010155220145699227
IYD,-0.6089906773173234
ITPRID2,-0.3455469194626489
ITPR2,0.4980936176005606
ITPR1,-0.004870125025518167
ITPKB,0.08096205320724409
ITM2A,-0.14392669468295335
ITLN1,-0.10414717293692982
ITIH4,0.10414883937186228
ITGB8,-0.1801793504152124
ITGB6,-0.07594666369569707
ITGB2-AS1,0.21545597372864245
ITGB2,0.11014705427374796
ITGB1BP1,-0.27436051665309735
ITGA9,-0.0857652903716252
ITGA1,0.4494414148391136
ISX,-0.17389796582393124
ISM2,0.1411998232844146
ISM1,0.43489083176225546
ISL1,0.2827856528482417
ISG20,-0.0620012894955935
ISG15,-0.20761120364618277
IRX5,0.11527781950206477
IRX3,0.06359676923378647
IRX2,0.04911635422063628
IRS1,0.706438611711301
IRF2,0.029900556887212385
IREB2,0.2577653254260443
IRAK3,-0.3397062179461974
IRAK1BP1,0.3258916137574995
IRAG2,0.0987526416733998
IQGAP2,-0.5390355710900334
IQCJ-SCHIP1,-0.27346511470204915
IQCH,-0.04326555028260503
IQCG,0.1176620481512147
IPO9,0.453047940797481
INVS,-0.23448816607570064
INTS6L,-0.4764443606208492
INTS6,0.14768449387598376
INTS4,-0.3105296518943553
INSM1,-0.22274697876319677
INPP5D,0.26884397783728287
INPP4B,-0.10878132958072605
INHBE,0.008625745863487846
INHBB,0.3193451773921542
INHBA,0.1997149185662976
ING3,0.06334963154019264
IMPACT,-0.675671774168762
IL6R,0.07300902404265612
IL37,0.2702632756174527
IL33,0.32480064998215274
IL2RG,0.03539284944068274
IL26,0.699926645706822
IL23R,-0.27865294852531447
IL1RN,-0.10902483579711873
IL1RAPL1,0.12016374613167712
IL1RAP,0.04745386179667378
IL1R2,-0.1341508050330361
IL1R1,0.18726352776075628
IL18,-0.16428228239951811
IL17RD,0.5785982103111992
IL15,-0.13221676329193638
IL10,0.4085697443748777
IKZF2,-0.1695693488427733
IKBIP,0.3168132813809666
IHH,-0.2513635295522302
IGHMBP2,-0.27611581267291135
IGFN1,-0.15532936101387734
IGFL2,0.28166817593833726
IGFL1,0.045229111591640135
IGFBPL1,-0.06583137713771157
IGFBP7,0.4392951183033708
IGFBP6,0.19123638843662866
IGFBP3,0.14999287683205328
IGFBP2,-0.5095235145046408
IGFBP1,-0.15260035772649816
IGF2R,0.10314627373013562
IGF2BP3,0.31187725391534643
IGF2BP1,0.5775597882979009
IGF2,0.8383221296708785
IGF1R,0.400072067093691
IGF1,0.2066208868408188
IGDCC4,0.3088497045583088
IGDCC3,0.030393334369138564
IFT74,-0.03979088576012874
IFT57,-0.09647240403385837
IFITM3P7,0.40921043258145434
IFITM3,0.3664247491261704
IFITM2,0.4672631673644006
IFITM1,0.22701758873733585
IFIT3,0.16124435687144273
IFIT2,0.17699730171411798
IFIT1,0.1783821975445498
IFIH1,-0.014136995572440426
IFI6,-0.4405115093278375
IFI44L,-0.0781187027300721
IFI44,0.012938196419248428
IFI27,-0.09885448619680619
IFI16,0.022311806364847312
IER5,0.7645100914362257
IDS,-0.30120543015131024
ID4,-0.10618537982002886
ID3,-0.12118893383983419
ID1,-0.09029890208948176
ICE2,-0.12656742266203494
ICAM4,0.7720500306467583
ICAM2,-0.4034891273938919
ICA1L,-0.04263247889963936
ICA1,-0.35733531401706153
HYAL1,-0.16708601685521698
HUNK,0.9093643155259158
HTRA1,-0.09175347761902033
HTR7P1,0.06748006859111488
HTR1D,-0.17423788638810503
HSPD1,-0.02300839939273315
HSPB8,0.03723431991996722
HSPA1A,0.1891620936632616
HSPA12A,0.798934493598473
HSD3B1,0.7274091573030935
HSD17B6,-0.0068726577831990515
HSD17B2,-0.007123120605452446
HSD17B12,-0.36241405659588305
HSD11B2,-0.2621064071929108
HS6ST2,0.4287829038404837
HS3ST6,0.14462189032407713
HS3ST4,0.12072947343285205
HS3ST1,0.06163172381897802
HS2ST1,-0.321688479665257
HPSE,-0.33759649729277175
HPS3,-0.04746716124708461
HPGD,-0.9287718643821123
HOXD8,0.3246828523379977
HOXC6,0.18961399798570472
HOXC4,0.16308123602137004
HOXB6,-0.01044353475697056
HOXB2,0.2366831181288963
HOXB13,0.6012421123004154
HOXB-AS3,0.21710145654644095
HOXA7,0.5370338265228093
HOXA5,0.18942493357606416
HOXA2,0.16322094511183657
HOXA13,0.4504594240457533
HOXA11-AS,0.4816852739229216
HOXA11,0.48090842275617796
HOXA10-AS,0.4950473128318255
HOXA10,0.3257163339606969
HOXA1,0.07608276236540554
HOXA-AS2,-0.25096805294472047
HOMER3,0.19915488596257927
HOMER2,0.21373890588212474
HNRNPU,0.4969426340346825
HNRNPK,0.28957853873999645
HNRNPH1,0.24152839235604756
HNMT,-0.3728746220479954
HNF4G,-0.37185856982287696
HMOX1,-0.043860138008709686
HMMR-AS1,0.2899225527461187
HMGN5,-0.12476582539530218
HMGN3-AS1,-0.3914885394639001
HMGN2P46,-0.2054632872708618
HMGCS2,-0.033183630244491426
HMGA2,0.4208160503320884
HM13,-0.4176811784448361
HLA-DRB1,0.5746591411805811
HLA-DQB1,0.24393068268968937
HLA-DPA1,0.011420039344932863
HLA-DMA,-0.23076303593994194
HIP1,0.393941316763352
HHLA3,-0.17451106371616995
HHLA2,-0.48067825935719616
HHEX,-0.5867526023528904
HHAT,0.06617483633441607
HFE,-0.09338692995698447
HEY2,0.09951323971723222
HEY1,0.6147899254799174
HES5,-0.1515291504708465
HERPUD2-AS1,-0.4167112326990513
HERC6,0.032869757560378715
HERC5,0.35457419726077655
HERC4,-0.04991691107434624
HERC2P7,-0.14930989289458574
HEPH,-0.26062048132732785
HEPACAM2,-0.1276160267914367
HELLS,0.13147258900005332
HEG1,0.0013313217665259023
HECW2-AS1,0.05832580100934874
HECW2,-0.2979213990337617
HECTD2,-0.17869208956933524
HEATR1,0.37124546541930026
HDX,-0.07888815325535163
HDGFL3,-0.03229084781036991
HDAC9,-0.112819781722185
HDAC8,-0.16559539064799375
HCP5,-0.30712971576042236
HCN1,0.13743576860720258
HCK,-0.24680751821162444
HCG11,0.0290742321250795
HCFC2,-0.35886738548807146
HCAR1,-0.1512528594434774
HBE1,0.14097303005066208
HBA1,0.172380042358677
HAUS5,-0.00813680693943015
HAS2,0.6342943027712156
HAR1A,-0.1289028074013894
HAGLROS,0.4934025031499528
HAGLR,0.13340125889530668
HACD4,-0.02375254148155372
H4C8,-0.4698485204613409
H3C7,-0.1087729919546624
H3C6,-0.050328072027192146
H3C4,-0.15045654176883738
H2BE1,0.06569916496110731
H2BC4,-0.04779414566669424
H2AC8,-0.5403376349578222
H19,1.27453599399194
H1-8,0.017254174789742557
H1-4,0.192709103931884
GZMB,0.21670910707395344
GZMA,0.630597240936563
GXYLT2,-0.2797988194197915
GUSBP2,0.18533146997057978
GUSBP1,0.3380990145147359
GULP1,-0.7710408616394921
GUCY2C,-0.20592136515504236
GUCA2A,0.020850968999723423
GTF2H2C,0.45354475542236594
GTF2H1,-0.23451129912703023
GSTT2,-0.3868476139388486
GSTT1,0.019483256765055117
GSTM3,0.053878591173668826
GSTA1,-0.27138798213004733
GSPT2,-0.06659106269441578
GSPT1,0.1311931001325522
GSEC,0.35326119240403075
GSDME,-0.03691472948349592
GRM8,0.34593515779401396
GRK3,-0.3074129450732482
GRIP1,-0.42248071336929605
GRHL3,0.14626942288929087
GREM1,-0.14063230316626918
GREB1L,-0.24811507090022833
GRB14,-0.29532251506442403
GRB10,-0.49474057623547624
GRAP,0.05434259423432635
GRAMD1C,-0.6028208419964345
GPX8,-0.027042424957426165
GPX7,-0.039821036965646546
GPX3,-0.18394142086014875
GPRIN3,-0.4055863262435624
GPRC5B,-0.14865307526414132
GPRC5A,0.06316823291216903
GPR87,0.2768679279906756
GPR83,0.5440374632690312
GPR65,-0.30379171714722997
GPR63,-0.08937881241942677
GPR37,-0.07443612580256927
GPR180,-0.017704606959680475
GPR161,0.28478045459574547
GPR158,-0.41056598224004365
GPR155,0.48319924412473736
GPR143,-0.012283761976983604
GPNMB,-0.11750885525844429
GPM6B,0.021003255514011974
GPLD1,0.018457284454823995
GPER1,-0.2300234642213213
GPBP1L1,0.10674472636249797
GPATCH2,0.28854006845443214
GPATCH11,-0.08439475297175636
GPAT3,-0.36887447268020684
GPA33,0.010872907782762573
GOLGA8A,0.09666773180542552
GOLGA7B,0.030645878350134565
GNL3L,-0.057170337252602836
GNGT1,-0.3047826166419567
GNG4,-0.11674188096127415
GNG2,-0.25125272368208684
GNAS-AS1,-0.048043073085416076
GNAS,-0.30017099099473943
GNAL,0.36232072509882446
GNAI1,0.43278600108984105
GNA15,-0.44414651925811904
GNA14,0.31557814138037193
GMPR,-0.556898730967608
GLYATL1,0.0015490968875022163
GLUL,0.17738329748068282
GLS2,-0.07530549087732283
GLS,-0.15903433662109837
GLRA2,-0.3237251298705459
GLIS3-AS1,-0.3281314030340859
GLIS3,-0.2228128175546132
GLIS2,-0.1289952756026431
GLIPR1,0.5038221875353958
GLDN,0.08144990105638583
GLDC,0.6836354267070994
GLB1L,-0.4678459672066574
GK,-0.43234146351933334
GJC1,0.3248011448228094
GJB6,0.10130559673463815
GJA5,0.17088768009213262
GJA3,0.11889801718677592
GJA1,1.0609247100771542
GINS2,0.06134605259044463
GIMAP2,0.17087061250461172
GIHCG,0.05203014782881197
GGT6,-0.8633146840218957
GGA1,-0.10152928490028977
GFOD1,-0.327620000530838
GDPD1,-0.03532058327978082
GDNF,0.45718348585834595
GCNT3,-0.3899836445644438
GCNT2,0.14101050525481795
GCNA,-0.33144384710271124
GCG,-0.22664868475985434
GBP3,-1.209272348509811
GBP2,-0.4316626225339898
GBP1,-0.42305613015061794
GBGT1,0.3114922351762862
GAU1,-0.37277032302017626
GATM,-0.024525138964245657
GATA6-AS1,-0.29867524849388233
GATA4,-0.08565819727993969
GATA3,0.5892895822814483
GASK1B,0.001438077272041745
GAS6-AS1,0.32709595304683325
GAS2,-0.011467911894914688
GART,0.11241332387772658
GAREM1,0.09628343769730145
GAPLINC,0.08464958375618378
GAN,-0.20955360043520338
GAMT,0.07078887754886558
GALNTL5,-0.0804478091052177
GALNT8,-0.2425682548838988
GALNT5,-0.5192714435439726
GALNT18,0.08308343685501605
GALNT13,-0.13210237468022876
GALC,-0.6111661320695192
GAD1,0.6592498587133685
GABRR1,-0.2930339154638876
GABRB3,0.10549401854955323
GABRB2,-0.08625885361517216
GABRA2,-0.0016806094762833027
GABPB1-IT1,-0.18055919894038572
GABPB1-AS1,-0.08375128811804698
GABBR1,0.043690253841591295
G3BP1,0.19513013076495891
G0S2,-0.14424489059887316
FZD8,-0.16503810244022143
FZD7,-0.5962920551446412
FZD2,-0.0417207693621572
FZD10-AS1,-0.06022605403640843
FZD10,-0.04403661756959913
FYN,0.8178120058026768
FXYD2,0.28101209619559997
FUT8-AS1,-0.1679326042082522
FUT6,-0.13815693848965135
FUT3,-0.3234978580242321
FUT11,0.24332821231953605
FUT10,-0.2144471511129014
FUS,0.02521031455920683
FTX,-0.3317570263583575
FTCDNL1,0.2235280565982217
FSTL1,-0.4013330261370614
FSD1L,-0.283484816184835
FSCN1,0.48026830179975066
FRZB,0.012945440576031919
FRY,0.5230574767613596
FRRS1L,-0.2210925600212213
FRRS1,-0.2706745444063008
FRMD6,0.08728810225015639
FRMD5,-0.12771792161342235
FRMD4B,-0.18417665927335913
FRMD4A,0.4210803105820158
FRMD3,-0.009201354061093864
FREM2,0.047871642979315156
FREM1,0.31373586031909134
FRAS1,-0.10148018133717969
FPR3,-0.016702501053610118
FPGT,0.22070820907107003
FOXP2,-0.17283471986375681
FOXP1-IT1,-0.1990085532188807
FOXP1,-0.5992109554850626
FOXL2,0.03254922428573923
FOXI1,-0.019806631841853276
FOXG1,0.1749823959586084
FOXF1,0.0032086458785511303
FOXD2,-0.1923239228076623
FOXD1,0.38789003538442574
FOXA1,-0.3072967679720317
FOS,0.0683968790002029
FOLR1,-0.08502131305330891
FOCAD,-0.36429096334547484
FNIP1,-0.0278031570200134
FNDC3A,0.08650545044620943
FNBP4,0.04803779893516688
FNBP1,-0.0878112848650631
FN1,0.6288034318285743
FMOD,-0.06792619451559818
FMO5,-0.5702797033868944
FMO4,-0.3785247052981098
FLRT3,0.19764873780705206
FLG-AS1,0.5424873111755452
FKBP7,0.133688827182564
FKBP4,0.02900094115884491
FKBP1B,-0.8833015787071087
FKBP10,0.2346702903057501
FJX1,0.4021088867059366
FILIP1L,0.48013065175884995
FIBCD1,-0.02885671155944916
FHOD3,0.7845668589077626
FHL1,-0.06392569168860966
FGL2,-0.33298932731420144
FGFR3,0.08444836557868231
FGFR2,-0.12055777219538648
FGFR1OP2,0.1756095499432634
FGFR1,0.20768143026984082
FGF9,0.03626244779006421
FGF7,0.46153314357805697
FGF20,0.9047325610606758
FGF19,0.6227893760135141
FGF14-AS2,-0.1732503418927286
FGF13,-0.046484806899921044
FGD6,0.019766361931138114
FGD1,0.016422062069436912
FFAR4,-0.11103058840168632
FERMT2,0.14948100011474874
FER1L4,-0.5373801779720514
FCRLB,0.12960740915734364
FCHO2,0.06276274853769667
FCGR2A,0.02353622351297342
FCGBP,-0.23753700754347934
FCAR,-0.021274521041388175
FCAMR,-0.4577531591086914
FBXW7,0.023795820394311003
FBXO9,-0.3537184278682421
FBXO36,-0.2413623369519332
FBXO32,-0.3693274952141607
FBXO30-DT,0.02259155663378933
FBXO22,0.17747069887606315
FBXO2,-0.047845011811154
FBXO17,-0.0344389754861493
FBXO16,0.3975468485010924
FBXO15,0.059263631874870965
FBXL2,-0.05861500552976549
FBXL17,0.08724287647284205
FBXL14,-0.042086077110388705
FBP1,-0.4635240949130438
FBN1,0.05853893357721854
FBLN1,0.05432859599755445
FAXDC2,0.3489084360167702
FAXC,-0.09651963522781182
FASTKD2,0.03307484821761973
FASLG,0.11568411395413973
FAS,0.23186013065023925
FARSB,0.21637455770868774
FAP,0.16655317096971056
FANK1,0.1359206191548212
FANCM,0.20127187089848242
FANCB,0.019808996233902604
FANCA,0.07550405000599747
FAM95C,-0.007477425720874181
FAM90A1,-0.15716217409378264
FAM86B3P,-0.01681316776899766
FAM83B,-0.6966813202511088
FAM76A,-0.425253265679709
FAM3D,-0.08214388736462727
FAM3B,-0.1660991452507909
FAM27C,0.11982036826315189
FAM24B,0.1417055511932399
FAM241A,-0.8214109020712093
FAM226B,-0.7189864703767127
FAM221A,0.10125775766031825
FAM214A,-0.3627385776459524
FAM20C,-0.12331642227695502
FAM201A,8.524485264448918e-4
FAM189A1,-0.30490107562429813
FAM184B,0.1061819033549845
FAM174B,-0.2394548225866515
FAM171B,0.396356528219213
FAM169A,0.5787392120541908
FAM161B,-0.04534274670748436
FAM155A,-0.41448978842851253
FAM149A,-0.1419112746529894
FAM13C,0.5705017363932767
FAM13A,-0.05571151230655491
FAM133A,0.09178246908415787
FAM131B,-0.3219754368325903
FAM126A,-0.06483161586447728
FAM124A,-0.058388309238666676
FAM111B,0.06172359691358023
FAM110B,-0.06300931235181778
FAM104B,-0.17682113368822444
FABP2,-0.3739788165442337
FABP1,-0.023940580608117962
F5,0.4213173399687804
F2R,-0.16607552451229673
F13A1,0.33097051753523876
EXT1,-0.09417989964248731
EXOC6,0.041772098099887404
EXD3,0.2522741833704892
EVI2B,-0.2264966275937001
EVA1A,-0.0764161091385987
ETV7,-0.2557968572211247
ETV1,0.04267991124185166
ETS1,-0.4067727470291634
ETNK1,0.39852197505256287
ETFDH,-0.3543493646745281
ETFBKMT,-0.14650278330047922
ETFA,-0.011270174802090811
ESRRG,-0.43896322224777434
ESR1,0.12172349281582232
ESCO2,0.13937311356691598
ERVW-1,-0.12703253036995676
ERV3-1,-0.1598261913488765
ERP44,0.03603345096713519
ERP27,0.24702021172131156
ERO1B,0.30354247093678366
ERN1,-0.31723211736913753
ERLIN2,-0.15324003895597343
ERICH5,-0.6236785078871862
ERI2,-0.0028437606339210596
ERI1,0.3341318979168606
ERG,0.34937614936213646
EREG,0.24306578340983376
ERCC6L,-0.04644752117504081
ERC1,0.559862412242491
ERAP2,-0.08227834161816773
ERAP1,0.24504818576868914
EPSTI1,0.1383507867369969
EPHX3,-0.29729956079724545
EPHB6,0.7450318287827534
EPHB1,0.06305984058576823
EPHA7,0.44672778657751866
EPHA4,-0.040015754832592836
EPHA1-AS1,-0.09922380353749741
EPDR1,0.05218191627824263
EPC1,0.05553068527585406
EPB41L4A,0.493947449669254
ENY2,-0.12154877140874253
ENTPD5,-0.05310979970399512
ENTPD1,-0.06483075554853569
ENPP5,-0.12803657210748756
ENPP3,0.014733506359629863
ENPP2,-0.21325420692694436
ENPP1,-0.4875119891927121
ENPEP,-0.26412612032410987
ENOSF1,0.12309321367413009
EN2,0.20009504837640052
EMX2OS,0.39395244091279724
EMX2,0.4756761282777909
EMP3,-0.005879938255506082
EMP1,-0.07388736802345995
EML6,-0.30318468959591294
EML1,-0.09799276409473386
EMC2,0.1672348642616813
EMB,0.1150116252393167
ELP2,0.03645333808596305
ELOVL4,-0.02712071968364727
ELOCP3,-0.029055699702973448
ELK4,-0.07703600534804497
ELFN2,-0.29141454661269356
ELF5,-0.7209245687305024
ELAVL2,0.2637800639899667
ELAVL1,0.3624319017908924
ELAPOR2,-0.5787732918030246
ELAPOR1,-0.24710439073364993
EIF5A2,-0.007856098996658128
EIF4E3,-0.7050959788408573
EIF3M,0.3516998391647678
EIF3H,0.15445716351039587
EIF2AK4,-0.1360745148423154
EIF2AK3-DT,-0.041568411347536
EIF1AY,-0.2539012140303487
EIF1,-0.19625473453600734
EID2B,-0.039890614398035554
EHD3,-0.045566874886161006
EGR3,0.0852187009995578
EGLN3,0.15611303007149335
EGFLAM-AS2,0.03880220620243152
EGFL6,-0.38481442663737814
EGF,-0.5864722450133432
EFNA5,0.006141769345154831
EFNA2,-0.19614150153852766
EFHC2,-0.3891739190677318
EFCAB3,0.473080761424959
EFCAB2,0.24826300572156884
EED,-0.09927268005096114
EEA1,-0.022010656796385697
EDRF1,-0.026586141675867418
EDNRA,0.12086404794627245
EDN3,0.24971858814949943
EDN1,-0.1988345858279219
EDAR,0.23363975305932067
ECRG4,0.27131729717277525
ECHDC3,-0.3182478154800814
DZIP1,0.08561137480230106
DYNLRB2,0.13601268113422957
DYNLRB1,-0.33409325072615664
DYNC2H1,0.12071432105373552
DYNC1I1,-0.1065141320170354
DYDC2,0.025175581013402587
DUXAP8,-0.5027983831336271
DUXAP10,-0.4854813104031851
DUSP5,-0.021971664068370738
DUSP4,0.527428686996144
DUSP19,-0.16802943073246634
DUSP10,0.3539221722889271
DUOX2,-0.08455775197286645
DUBR,-0.18170839081642495
DTX3,-0.15853268522468766
DSTN,-0.035750431723373007
DST,-0.17821637426330533
DSG4,0.13800317282293464
DSG3,-0.010723566486406082
DSG2-AS1,0.20802296610926882
DSG2,-0.20797500173022399
DSE,0.1371275153184158
DSCR8,-0.3203311542577176
DSC3,0.505622263753613
DSC2,-0.02640580702202153
DRD2,0.09795927495326305
DRAM1,0.3718501633183117
DQX1,-0.3471976071941976
DPYSL3,0.29530704531164537
DPY19L2P3,-0.29017344740379153
DPP4,-0.34177981979967054
DPP10-AS1,0.12757056683315618
DPP10,0.16901604577331186
DPEP1,0.04140738863669587
DOP1A,-0.07041239670998858
DOCK9,-0.2883207214552783
DOCK8-AS1,-0.04409960193775997
DOCK8,0.27521917338350566
DOCK4,0.8101642811283922
DOCK11,-0.051085749804971166
DOCK1,-0.15613424348191615
DNMBP,-0.05624129987481851
DNM3,0.1751062104693001
DNALI1,0.3243330994068164
DNAJC6,-0.455467322808612
DNAJC3-DT,-0.4179211198672367
DNAJC22,0.1509959353529451
DNAJC15,0.37028302176664524
DNAJC12,-0.05870335514802566
DNAJA4,-0.21732667755267027
DNAI4,-0.04315697405349541
DNAI3,0.34126056293645907
DNAH6,0.23085945109509265
DNAH14,0.013681080131065282
DNAH10,-0.3632362992882891
DNAAF4,0.3910100543826299
DMRTC1,-0.14747318206899665
DMRTA2,-0.06952041125793589
DMRT3,-0.03647974282313998
DMRT2,0.08873466192898534
DMKN,0.49803002026483356
DMGDH,0.07465848421189478
DMD,-0.15920682098453645
DLX6,-0.02483139899285511
DLX2,0.9091245138614562
DLX1,0.8087760054354521
DLL3,0.27974070127301986
DLL1,0.48808468633135044
DLGAP1-AS2,-0.032172784230257746
DLEU2,0.20503054270292045
DLC1,-0.1601141593063381
DKK4,0.01984737350583189
DKK3,-0.18214031210071452
DKK1,-0.03650143817265138
DISC1,0.5736843952431834
DIS3L2,0.136913544781685
DIRAS3,-0.17606029907117499
DIRAS2,-0.009218934589719317
DIP2C,-0.45327195800759157
DIO3OS,0.5200152902944432
DIMT1,0.3339809106847461
DHX36,0.2613087832337143
DHX30,-0.047242913960075586
DHRS9,-0.13834701670031338
DHRS2,-0.132183650596058
DGKH,0.18279695182161532
DGKE,-0.27327202433722075
DEXI,-0.07867259719779522
DESI2,0.3574463983611518
DEPP1,-0.2827505691867666
DENR,0.01419864743708208
DENND6B,0.001214579498284976
DENND5B,-0.36751945877212516
DENND2C,-0.37438533278829494
DENND2A,-0.5732206547432411
DENND1B,-0.03734905578037193
DEFB1,-0.3978657990223506
DEFA6,0.0683374916704618
DEFA5,0.08572922629000779
DEF6,0.09771951318358191
DDX60L,-0.15477653705839065
DDX60,0.09675280929613855
DDX6,0.06142392101359222
DDX58,-0.0139548365590096
DDX49,0.2725404962914161
DDX43,-0.42507920855906106
DDX3Y,-0.32597278502402516
DDX19A-DT,-0.009386970329315724
DDX17,-0.031149566774611035
DDX11-AS1,0.06740234045587165
DDO,-0.2642919541227195
DDIT4L,-0.0011699452539941778
DDC,-0.6227005904266618
DCUN1D5,0.04287358395928553
DCUN1D1,0.1008729614914808
DCT,0.01019674133977877
DCP2,0.17460574669193799
DCLRE1C,-0.07806660803306788
DCHS1,0.11673230027578531
DCDC2,0.06027040524980781
DCBLD2,0.05010090940712632
DBN1,0.405271728669111
DBF4B,-0.12789145520559175
DAZ1,-0.055416067351104596
DAPP1,-0.36320846567147475
DAPK1,-0.4275219273173404
DACT1,0.00980508844550353
DACH1,0.37089245423589334
DAB2,-0.4833481281801303
DAAM2,0.5297689563298068
CYTIP,-0.05328165511824665
CYREN,0.2938290815977775
CYP4X1,0.09897071681776126
CYP4V2,-0.02005574592019456
CYP4F8,-0.23700312940264773
CYP4F3,-0.6139289758585231
CYP4F2,-0.223048743082922
CYP4F12,-0.47736733526272396
CYP4F11,-0.3703365456460729
CYP4B1,-0.08644450143092769
CYP3A7,0.17840602871533506
CYP3A5,0.09240636290072043
CYP39A1,0.19255380418464657
CYP2U1,-0.5093612058789592
CYP2E1,0.09028567411744307
CYP2C9,-0.16719725670579713
CYP2C18,-0.23543749598692326
CYP2B6,0.16446689487417393
CYP26B1,-0.2989959053052014
CYP26A1,0.07390203311011148
CYP24A1,0.30744034923950986
CYP1B1,-0.2832694311174768
CYP1A1,5.240294679446817e-4
CYFIP2,0.2067088870742965
CYBRD1,0.2398914042832392
CYBB,-0.40500239745966604
CXCR4,0.353887305557641
CXCR3,0.17333300429113838
CXCL8,-0.03535412350807936
CXCL6,-0.17183116051892358
CXCL3,-0.22233799739590424
CXCL2,-0.06268169956477997
CXCL14,0.3752287442163366
CXCL12,-0.11822898749047056
CXCL11,0.022678958794263807
CXCL10,0.1437289842872055
CXCL1,-0.18647586887188508
CX3CL1,-0.2512258214029727
CUL4A,0.28773563958442555
CUL3,0.1598836294752599
CTXND1,-0.2281296599724538
CTSS,0.012146845656669627
CTSO,-0.011146348802578148
CTSF,0.04001213513861767
CTSE,-0.053929623031718915
CTNS,0.051298839767938295
CTNNA2,0.1341948095762041
CTLA4,0.3401108323956671
CTHRC1,-0.18876993131065706
CTC1,-0.0528627439119041
CTAG1B,0.09458469624846519
CT83,-0.4480242736556373
CSTA,0.3314462347989542
CST7,-0.07281001712927664
CST4,0.4671734281438762
CST2,0.532264373918576
CST1,0.558194095070867
CSRP2,0.3427863569636216
CSRNP3,-0.2669610490867077
CSN3,0.04665397029729752
CSN2,-0.04356462612912131
CSGALNACT1,0.7010830339882544
CSF2RA,-0.5236351485339028
CSAG3,-0.30163799702391914
CSAD,0.05646647676419186
CRTC3,-0.0019924139333276332
CROT,0.04713322966768808
CRLS1,0.07519613983766171
CRIM1-DT,-0.3637842125198191
CREG2,0.036291202465051776
CREB5,0.04315959622036566
CREB3L1,-0.34554661325737823
CRACDL,-0.7395956138811605
CRACD,-0.022421020147752456
CRABP1,0.07951506849658603
CR2,-0.1239227980305237
CPVL,0.037739052566892604
CPT1A,0.10125572717916752
CPS1-IT1,0.04377972342757539
CPQ,-0.2648408768859084
CPNE8,-0.05466268940433266
CPM,-0.1178615890308552
CPLX2,-0.22721290052831794
CPLX1,-0.4126431183506857
CPLANE1,0.032416766685780925
CPED1,0.12971478019675917
CPEB3,-0.2917320026236643
CPE,-0.64479095472068515
CPA6,0.7493079817455346
CPA2,0.11101186308328889
COX10,-0.027534428935598057
COSMOC,-0.15061057691806362
CORO2A,-0.19981003041744047
CORO1A,0.47993621383349033
COLGALT2,0.35560537900797917
COLCA2,0.3812307168495295
COLCA1,0.027682326167766644
COL9A3,-0.10777217005233813
COL6A1,0.43020088512305443
COL5A2,-0.13212814915593296
COL5A1,0.6041688404576961
COL4A2,0.031736517696156596
COL4A1,0.36167315320631505
COL28A1,-0.36706870868876446
COL27A1,0.15904695627070273
COL21A1,-0.10018513621364548
COL1A1,-0.41726824451558864
COL18A1,0.08522946516857201
COL17A1,-0.02706118337864713
COL13A1,0.0012634612882680449
COCH,0.040292401445397905
COBLL1,-0.140753898334647
CNTNAP2,-0.9252705145296027
CNTLN,-0.18262482592358298
CNOT7,0.1387057167244595
CNNM2,0.04463242892979688
CNNM1,-0.24405936310691803
CNIH3,0.20430720070675895
CNGA1,-0.291439392981864
CNBD2,-0.20291678015733566
CMPK2,-0.06609721575317024
CLVS1,-0.16300218418106113
CLU,-0.049970772383012896
CLTRN,-0.0060261363826589354
CLSTN2,0.270844288567302
CLRN1,0.19002457513352167
CLN5,-0.13627177938681187
CLIP4,-0.03306350458096238
CLIC6,-0.33993491615967447
CLIC5,-0.24615931421386777
CLIC3,0.1878192036522811
CLGN,-0.0983231367575296
CLEC2L,-0.3947887961344715
CLDN23,-0.2554344624236631
CLDN2,-0.2318807260226768
CLDN18,-0.1321734738025626
CLDN12,0.08252735836844909
CLDN11,0.3183157338993229
CLDN10,-0.09766989206097393
CLCN5,0.01984417172634773
CLCN4,0.21973885015511302
CLCA4-AS1,-0.3043317212630515
CLCA4,-0.4208280006774626
CLCA1,-0.10218411685331147
CKMT2-AS1,-0.18300466880963115
CKMT2,0.29979587293333426
CKB,0.18065152073489504
CKAP2,0.1692501422326865
CITED2,-0.12545975133074125
CITED1,-0.005241780753456228
CIART,0.4277085345611933
CHSY3,0.07538323472000553
CHST6,0.07291111509890116
CHST5,-0.057449810579830035
CHST15,0.5011810631303875
CHST13,0.15453933506262638
CHST11,0.5546757202380205
CHROMR,0.0073069335131289775
CHRNB1,-0.40277114109907125
CHRNA1,0.11538310286850126
CHRM3,0.15374280839171592
CHP2,-0.5860527447964518
CHN1,-0.10864424362607729
CHML,0.0401575320915456
CHM,-0.06887281779286075
CHKB-DT,-0.06220082568108198
CHIC1,-0.2974580502501697
CHI3L1,0.036634949460987096
CHGB,-0.3466522623263693
CHGA,-0.3432733872984684
CHFR,-0.014175420883517566
CHD9,-0.04204768810940996
CHD1L,0.20885127489328356
CGNL1,0.03846484349881435
CGAS,0.050309882114851816
CFTR,0.003150133421909746
CFLAR,-0.13474125982135537
CFL2,-0.027819155967812308
CFB,-0.32075086259277674
CFAP97,0.3991381973877331
CFAP92,-0.48392345848894913
CFAP91,-0.08541254411860427
CFAP70,-0.25195273735031376
CFAP69,-0.03728157258751032
CFAP44,-0.01712279559935007
CFAP300,-0.04591584978231611
CFAP251,0.3351465532797184
CFAP20DC,0.1439046241089318
CES1,-0.17565383401699447
CEROX1,0.37608083452824925
CEP95,0.038104853566197645
CEP85L,0.5475123188683733
CEP83,-0.024617707689441333
CEP68,-0.06748634126799924
CEP126,-0.2243259021201543
CEP120,0.27719454523860904
CEP112,0.0024058259286016013
CENPVL1,-0.47771593973764237
CENPU,0.17761171417401414
CENPJ,0.07404172024708928
CENPBD1,-0.3155783473048241
CELP,0.2907758351729766
CELF2,-0.35574216307282247
CEL,0.2426126818465347
CECR2,0.2939525445427868
CEACAM8,-0.14723168422731148
CEACAM7,0.02867487452881602
CEACAM6,-0.1871035125710736
CEACAM5,-0.41171084249365864
CEACAM21,0.43407138211891866
CEACAM1,0.1222292715451341
CDYL2,0.36213071604079305
CDX2,-0.2772686436445237
CDS2,-0.012582371699947671
CDNF,-0.3254824634767289
CDKN2B,-0.09458230279892775
CDKN1C,0.025161075124773894
CDKL5,-0.3606698975405091
CDKL2,-0.20944689783941622
CDK6,-0.239896186647571
CDK14,0.08817346631521855
CDK13,0.01553383498772628
CDHR5,-0.3584731752498295
CDHR1,-0.4593387389811255
CDH7,-0.13646686795438476
CDH26,0.033542791668616574
CDH12,0.07408756250899244
CDH11,0.08177874217711209
CDCA7,-0.21583253182849335
CDC42EP5,-0.17596052781283972
CDC42BPB,-0.013997698129531088
CDC20B,-0.0622941219675248
CDC14A,-0.07841694790158282
CD84,0.5913101661758362
CD81,0.11015522156468578
CD70,0.7062657273677482
CD59,-0.12020996164994156
CD55,-0.2492574459628696
CD44,-0.3268854481869836
CD40,-0.47436916670181734
CD36,0.060635049861757745
CD247,0.20032129753570338
CD200,0.5009280851981867
CD109,-0.08756478153773109
CCT6B,-0.33139552599227484
CCSAP,0.122972529523027
CCRL2,-0.5043460840256836
CCR6,0.46794470152833206
CCR1,0.031114411341766922
CCPG1,-0.2239533472434832
CCND2,0.38215335513000526
CCN6,-0.030895163975700447
CCN3,-0.2996125746886205
CCN2,-0.3099359028934786
CCN1,0.016465647606554022
CCL5,0.2460966417640482
CCL28,-0.5145944394188993
CCL26,0.1077149731572906
CCL24,-0.33662318394893515
CCL20,-0.2480233658842845
CCL2,-0.028609055530657734
CCL15,-0.050171639004842894
CCKBR,-0.015797245809641536
CCDC88C,-0.009809988306451458
CCDC88A,-0.03025688326814267
CCDC82,-0.21985016707524302
CCDC8,0.1402213245476765
CCDC69,0.2046059190119503
CCDC68,-0.21165818732149813
CCDC32,0.28810518116147416
CCDC198,0.0814285047685188
CCDC181,0.023571886148882306
CCDC18,0.18567544916773188
CCDC170,0.006615576744867395
CCDC153,-0.08392957912369443
CCDC150,0.10328950005680786
CCDC149,0.04152786483595246
CCDC110,-0.07623240484240267
CCDC106,0.020356910707521794
CBX5,-0.23104809655406797
CBX3P2,0.07105091580429805
CBS,0.020718919181118726
CBLN1,-0.10139150637251589
CAVIN3,0.08894342799560441
CAVIN2,0.10999081349373506
CAVIN1,0.02906163081918867
CAV2,-0.3918649732116454
CAV1,-0.28713886326687443
CATSPER2,-0.11001549430283405
CAST,0.15817273208178947
CASP5,-0.3623926406842609
CASP4,-0.21117567368661724
CASP3,0.09981068396557838
CASP1,-0.4448871734461225
CASK,-0.08720331645304015
CASC2,0.049128799524413666
CARD6,0.24273456725222436
CARD16,-0.6376657542397012
CAPS2,0.4460038606400304
CAPS,-0.4124462876362241
CAPN8,-0.09509071485152323
CAPN6,0.3921523840707226
CAPN3,-0.20720007002991878
CAP2,-0.4796041303184683
CAND1,0.10390521665687318
CAMTA1,0.1422775909465371
CAMK2B,0.007553339666095028
CAMK1D,-0.5099567513236996
CALY,-0.028306102210779515
CALML3,0.147139239660016
CALD1,0.055375998990542546
CALCB,-0.3203517932507821
CALCA,-0.11019442825202956
CALB2,-0.2439122927427196
CALB1,-0.12181191544050503
CAHM,0.011350804606651988
CADPS2,-0.6630530568248695
CADPS,-0.2355075763089801
CADM1,0.6577585755900572
CACNG4,-0.12155146267182065
CACNB2,-0.5060511054192491
CACNA2D4,-0.0075969786218584145
CACNA2D1,-0.04730152523578993
CACNA1E,0.26304167748739304
CACNA1D,-0.25251314137140096
CACNA1C,-0.2589974191720455
CACHD1,0.35177810292755496
CABYR,-0.06320231233353082
CABP1,-0.11096115238208783
CA9,0.24299775303513255
CA8,0.06312977050676566
CA4,-0.33825855871987004
CA2,-0.39225481918036237
CA12,-0.4304590010174126
CA1,-0.33700119701015535
C9orf72,-0.4106846091203502
C9orf57,-0.24550857911130128
C9orf24,-0.1431109901821703
C9orf116,0.24440266896218155
C7orf31,-0.13080458046567148
C7,0.04744040581438057
C6orf99,-0.1055387998160686
C6orf15,0.47594383909350074
C6orf141,-0.12477536120362784
C5orf63,0.1127888112634265
C5orf46,-0.11645599787098661
C5,-0.013614703270087316
C4orf47,0.15999760198324858
C4orf19,-0.8808531115374977
C4BPB,-0.35769345290521587
C4BPA,-0.2752674989667934
C3orf85,0.17419352578298125
C3orf70,-0.1274492132217264
C3orf14,-0.5188083869813246
C2orf88,-0.3597389535184116
C2CD4A,-0.18952989989697566
C21orf58,0.1552498947600159
C20orf85,0.07884741655329307
C20orf194,0.02291549091198581
C2,-0.005821275111991714
C1R,-0.01085763208615997
C1QTNF3,0.2880046084381761
C1orf43,0.05282790244163658
C1orf115,-0.9743052104558132
C1GALT1C1L,-0.42820115253778235
C18orf54,0.1431756190999301
C17orf77,-0.3014798831537447
C17orf67,-0.41817853147183004
C16orf54,0.2034980383004763
C15orf65,-0.07860690591784569
C15orf56,-0.0433959103867372
C15orf48,-0.3889793146161091
C15orf40,0.14666418837570586
C12orf56,0.08418719508514212
C11orf96,-0.16040173787804565
C11orf45,0.0219024855679443
C10orf99,-0.1022176969618661
C10orf82,0.11759799027501334
C10orf143,-0.2264244444839349
BUB3,0.21059392201932603
BTNL9,0.018511677249508095
BTNL8,-0.14267222318984707
BTN3A3,-0.06607689417368577
BTN2A2,-0.1420335296786736
BTLA,0.38484869814663536
BTC,-0.20112485921459247
BTBD8,-0.26303642818412354
BTBD11,0.33024404939170876
BST2,0.2523607158473035
BST1,-0.28190209029274743
BRINP1,-0.17627838955940892
BRAF,-0.5639742441808676
BPI,0.5667367739042866
BOLA3-AS1,-0.20874631849585587
BNIP3,-0.27194095387602885
BMPR2,-0.1650153620009173
BMPR1B,0.060598041002142805
BMP2,0.19971862525288095
BLZF1,0.32905791161235864
BLVRA,-0.34272837657302874
BLNK,-0.4321394739364732
BISPR,0.10692974743166472
BIRC3,-0.5742597531580343
BICD1,0.04083185702014688
BICC1,0.47769746889498554
BHLHE41,-0.39684273430794914
BFSP2-AS1,0.3241026534207164
BFSP1,0.07314588272252669
BEX5,-0.31726836378394474
BEX2,-0.250727860790952
BEND7,-0.6484904470528877
BEND6,0.029525715237796412
BDP1,0.2670990385024813
BDNF,0.2653976507320081
BCO1,-0.4326652799242995
BCL6,-0.16984386025828216
BCL2L15,-0.5748531681666201
BCAT1,0.0506802595897634
BBS9,-0.06442914108046444
BBOX1-AS1,-0.5606006078811858
BASP1,-0.004084661523063563
BANK1,-0.053060235047659034
BAMBI,0.6687287872564874
BACE2,0.08865880972889255
BAALC-AS1,0.0061310111041925595
B9D1,0.29068338614962375
B4GALNT3,-0.08266444568616248
B3GNT7,-0.024315185431229677
B3GNT6,-0.13094993737710858
B3GLCT,-0.09350191618442054
B3GALT5,0.17418750495294638
B3GALT2,0.35181792108715343
B3GALNT1,-0.07551681221347958
B2M,-0.02699834317879694
AZGP1P1,-0.10470353446787958
AXL,0.10469279588166076
AXDND1,-0.7385836500130335
AVIL,0.005219008805328612
AURKB,0.07810087407354806
ATXN3,0.5931154894696056
ATXN2L,-0.1065685710486193
ATXN1,-0.25562569175427047
ATP8B3,0.09496987750359129
ATP8A1,-0.5204632942885629
ATP6V1C2,-0.5310015395451649
ATP6V0D2,-0.03139817334896022
ATP6V0A4,0.1894471542147663
ATP6V0A2,0.14332375929903707
ATP5IF1,-0.7699789221359641
ATP5F1E,-0.03599710910585755
ATP2B4,-0.08971375986302858
ATP2A3,-0.1577488594087227
ATP11B,-0.3505909225766612
ATP10D,-0.4532778709126054
ATOH8,-0.21379522599771952
ATOH7,-0.2844690380840598
ATG3,-0.1968056767856495
ATF6,-0.0835383821840932
ATF3,0.07526401799127715
ATAD3C,-0.31080338075985997
ATAD1,0.06980893144712463
ASXL2,0.038948899716792745
ASTN2,0.33716025705919833
ASS1,-0.4159571496463837
ASPRV1,0.26371142336586373
ASPM,0.39587167942870105
ASPHD2,-0.1801855514200194
ASPHD1,-0.5325724792817694
ASPH,-0.18451360156939808
ASIC2,-0.03317911215863346
ASCL1,0.003798631257042526
ASB9,-0.484099378883849
ASB4,0.4712106833391718
ASB15,-0.05737466090555604
ASB12,0.259472669565083
AS3MT,-0.025419857752103883
ART3,-0.15183021203409672
ARSL,0.07153911692144269
ARSJ,0.0667008465036655
ARSB,-0.13301761080194388
ARRDC3,0.3835530832376995
ARPC3,-0.088442845539484935
ARNT2,-0.09658307018543673
ARMH4,0.03375409413258355
ARMCX6,-0.22380150967473378
ARMCX4,-0.33692690600207464
ARMCX3,-0.2199460442522393
ARMCX2,0.16658242974094487
ARMCX1,-0.273502419268489
ARMC7,-0.7091128370665106
ARMC2,-0.01590301749802572
ARL4C,0.7455512602952048
ARL17A,-0.41013171692850897
ARL14,-0.247233021455942
ARL11,-0.12225973602804993
ARL10,-0.13135290139325584
ARIH1,0.10478648678347698
ARID3A,0.620459105632824
ARID2,0.2521083847778179
ARID1B,0.09632868073377314
ARHGEF4,-0.09639969691252288
ARHGEF35-AS1,-0.35036143858528845
ARHGEF26,-0.038410524936117366
ARHGEF10,-0.21613859744749758
ARHGDIB,0.3751773330390501
ARHGAP6,0.32835039843261904
ARHGAP4,0.059099040681666624
ARHGAP29,0.09504496271458089
ARHGAP27,0.13973149903156418
ARHGAP26,-0.03309361034904466
ARHGAP21,-0.18080838421033607
ARHGAP10,0.1125687769863501
ARGLU1,0.3230275404535552
ARAP3,-0.012730018856120913
ARAP2,0.2145312804035185
ARAF,-0.5420469815853005
AQP8,0.022164817387062732
AQP3,-0.2823415186896367
AQP1,-0.24009363236957657
APOLD1,0.1609803463281129
APOL6,-0.025473370723150323
APOL3,0.0070334942444952595
APOH,0.0398848098958188
APOE,0.16770332987695308
APOD,-0.21948537706774954
APOBEC3G,0.04967281410368141
APOBEC3C,0.10879848431564866
APOBEC1,0.11378272149071342
APOA2,0.4303942521337054
APLP1,-0.26603523502132154
APLF,-0.23555723511920157
APCDD1,0.42455106941907556
APC,0.1948103288127548
APBB1IP,-0.17051844658101264
AP3B2,-0.05904859992586673
ANXA13,0.0016078701244840671
ANXA10,-0.10447423368656246
ANXA1,-0.03786491294099439
ANTXR2,-0.14701034242457942
ANTXR1,-0.03180162166580574
ANPEP,-0.2941927329476419
ANOS1,-0.09977877115701589
ANO6,-0.01639316359375364
ANO5,-0.24276135341520175
ANO1,-0.2116807544360006
ANKRD65,-0.047662643672702176
ANKRD6,-0.19473258184130127
ANKRD44,-0.36047235325840676
ANKRD40CL,-0.4835455455272671
ANKRD37,0.26825276508553786
ANKRD36B,0.14488381448999826
ANKRD29,-0.07119136531649532
ANKRD20A1,-0.26393168221920993
ANKRD17,-0.06589688992851399
ANKRD1,0.0322756413705079
ANKEF1,0.14237874145427115
ANKDD1A,-0.07786293141628173
ANK1,0.17470305200155695
ANGPT1,0.04732260796441517
ANGEL2,0.18550964064683861
ANAPC5,0.014596380374256823
AMY1A,-0.34912564688623365
AMOTL1,0.08148873941983084
AMN,-0.21206406331978608
AMMECR1,-0.43429166761511473
AMELX,0.12221974190100691
AMACR,0.3541571701595644
ALPP,0.17649342160652143
ALPG,-0.0018999779890634758
ALOX5,-0.28089013066565555
ALKAL2,0.16673600328204105
ALG10B,-0.19178805271815627
ALDOB,-0.3019614713643705
ALDH8A1,-0.17851380264051836
ALDH7A1,0.6510392270755679
ALDH6A1,-0.12736705536518986
ALDH3B2,0.20546436956563663
ALDH1L2,-0.1923825961035411
ALDH1A3,0.002411382772722569
ALDH1A2,-0.22411247327197806
ALCAM,-0.12213600288277508
AKR1E2,7.515637335778767e-4
AKR1C4,-0.018942808254100694
AKR1C2,-0.1905744825935431
AKR1C1,-0.4528038814841282
AKR1B10,-0.5008083259653335
AKR1B1,0.20757938132484652
AKNAD1,0.359715059592458
AKAP9,-0.06260541758697895
AKAP5,-0.2672412717458422
AKAP12,-0.25182614423741106
AKAP10,0.02569933456279378
AKAIN1,-0.3826372994669716
AK7,-0.32154236064717506
AK4,-0.09512814265395397
AIG1,0.18796571331125075
AHSA2P,-0.0055663403686420955
AHRR,0.21939569755945718
AHNAK2,-0.31201115110049044
AGXT,0.252687975819661
AGTR1,0.2865997858431522
AGT,0.40604285612971003
AGR3,-0.40782520875595984
AGR2,-0.46259292818257886
AGO4,-0.09860648553032889
AGO3,0.14756095768701788
AGO2,-0.4350280116599392
AGBL3,0.02435462777515692
AFF4,0.01484633275392753
AFAP1L2,0.37521890870962565
AFAP1L1,-0.01850167563353164
AEBP2,0.38629382359198877
ADSS1,-0.31104234831715943
ADRB2,0.07830001842753752
ADRB1,-0.10255119697470882
ADRA2A,-0.2686275285338477
ADPRHL1,0.056295479019520464
ADM,0.19107687909468263
ADIRF,-0.1356866956331314
ADH6,-0.21466105058395374
ADH1C,-0.48195436952955495
ADGRL3,-0.08183200166103372
ADGRG7,-0.5187045818707815
ADGRG6,0.051937016671555244
ADGRF4,-0.34147264868893196
ADGRF1,-0.013140932495043426
ADGRE2,0.5562561501497497
ADGRD2,0.26203295440757046
ADGRD1,-0.2898915031714865
ADD3-AS1,0.1687375148745671
ADCY7,-0.0849645107273393
ADCY1,0.7437953626755873
ADAMTS9,0.1491116245647027
ADAMTS19,0.31826162351996357
ADAMTS17,-0.010037816232309137
ADAMTS15,-0.04565129673596547
ADAM7,0.05640161550701307
ADAM32,0.12470288245247085
ADAM22,-0.0744162524246133
ADAM19,0.5008581898300406
ADA2,-0.054423492487572174
ACVRL1,-0.12980045225033518
ACVR1C,-0.4921031600200488
ACTR6,0.1829426632969757
ACTA2,0.5282454152565387
ACSM3,-0.432238121380384
ACSL6,0.11491996828281738
ACSL1,0.10380607547299592
ACSF3,-0.19473858916954648
ACP5,-0.2593728777051859
ACP3,0.012649751281185666
ACKR3,0.13898510719870924
ACE2,-0.2129944338921739
ABHD4,-0.016302789019605385
ABHD2,0.21660150698600797
ABHD12B,0.2106354065569113
ABCG5,-0.3569936801918955
ABCG2,0.10715848540076116
ABCG1,-0.12658605897475497
ABCC6P1,0.35380948107387394
ABCC5,-0.05220879771276361
ABCC2,0.1899133473137329
ABCC13,-0.20821921904785548
ABCB1,-0.1384747914660078
ABCA13,0.3437705553721485
ABCA1,0.10342886597151181
ABAT,-0.17782292308597233
AATBC,0.03085033775379043
AASS,-0.18184552568495185
AADAT,-0.3062770313244958
AADACP1,0.01738418281054376
AADAC,0.06016215142071595
A2ML1,0.027359081907240897
A2M,0.15818062952734213
A1CF,0.0016838456109197087
A1BG,-0.15404491921336347
